,eval_timesteps,eval_mean_returns,eval_std_returns
0,250,33.533333333333324,46.90823192385557
1,500,44.6,35.20820611416858
2,750,35.666666666666664,25.095373632958278
3,1000,27.666666666666668,17.388374149285937
4,1250,21.6,11.900326792898495
5,1500,73.00000000000001,106.64728990670343
6,1750,30.133333333333333,24.049578420883435
7,2000,21.799999999999997,9.39645323158336
8,2250,19.466666666666665,8.242437611397357
9,2500,31.6,25.4640487310596
10,2750,100.86666666666666,95.02481547235729
11,3000,49.266666666666666,32.56542133408789
12,3250,72.8,44.03463283472327
13,3500,180.33333333333331,133.19743073931852
14,3750,85.0,54.65731627350745
15,4000,114.53333333333335,77.85045493337425
16,4250,165.46666666666667,183.60060517934633
17,4500,179.66666666666669,158.5247264274217
18,4750,129.93333333333334,55.843193159258206
19,5000,126.53333333333335,58.55162963857909
20,5250,84.33333333333334,51.881917209499235
21,5500,105.53333333333333,48.96692761446239
22,5750,113.2,59.0470998441075
23,6000,139.73333333333332,67.17651706098229
24,6250,183.33333333333334,92.89085590687121
25,6500,164.2,81.00606287323326
26,6750,180.46666666666664,64.8854032549352
27,7000,239.5333333333333,139.77706058816185
28,7250,184.33333333333331,99.59428810038366
29,7500,142.6,27.73557683233255
30,7750,212.1333333333333,81.9136672899516
31,8000,184.46666666666664,61.752408859897926
32,8250,192.6,93.27745946607061
33,8500,134.73333333333332,58.06257161220318
34,8750,226.73333333333335,138.382304584879
35,9000,155.2,43.83078573078262
36,9250,121.06666666666668,38.46175589682129
37,9500,129.0,24.30454918551486
38,9750,156.26666666666665,25.025675704053317
39,10000,146.93333333333334,42.47843897529402
40,10250,176.06666666666666,41.02541217884891
41,10500,250.73333333333335,127.41226175076103
42,10750,256.6,142.2236736037054
43,11000,222.2,134.94733128973772
44,11250,221.93333333333334,128.03426624670965
45,11500,173.8,64.35305397225181
46,11750,206.0666666666667,45.01969939185882
47,12000,210.8,31.163083572999927
48,12250,250.8666666666667,89.48285993542127
49,12500,221.46666666666664,88.17018896555808
50,12750,242.0,64.14705327951117
51,13000,252.93333333333334,65.71872724810721
52,13250,217.6,35.14882643844599
53,13500,160.33333333333334,84.17257405011577
54,13750,192.46666666666664,73.22828840156119
55,14000,195.06666666666666,103.57314109147967
56,14250,167.0,55.15956651187333
57,14500,193.26666666666668,86.33536677141966
58,14750,208.9333333333333,75.48757072083677
59,15000,244.73333333333335,71.96153293407683
60,15250,184.06666666666666,61.672035802298595
61,15500,195.53333333333333,47.14073492096712
62,15750,187.73333333333335,42.604851053997756
63,16000,173.0,29.629564814743926
64,16250,195.4,100.56118093534457
65,16500,133.53333333333333,72.89523685094628
66,16750,167.46666666666667,74.28940405976856
67,17000,170.66666666666666,49.05280601329324
68,17250,177.2,31.630224645283683
69,17500,152.46666666666664,31.415919531345885
70,17750,179.40000000000003,38.6191662261111
71,18000,155.86666666666667,53.511618676071954
72,18250,181.93333333333334,44.347817182910916
73,18500,157.4,26.22500926808437
74,18750,123.66666666666667,63.54980548969272
75,19000,183.13333333333335,61.349852847781506
76,19250,190.73333333333335,56.258688217909956
77,19500,165.33333333333334,45.819452443500694
78,19750,173.6,76.01795109636204
79,20000,153.2,40.85508264313974
80,20250,151.13333333333335,50.02692608319377
81,20500,179.26666666666668,60.41758390108334
82,20750,158.66666666666669,59.53971596991187
83,21000,180.4,41.29320632850989
84,21250,192.86666666666667,43.97706472949533
85,21500,169.86666666666667,17.52788254943153
86,21750,176.53333333333333,44.05582317419067
87,22000,142.33333333333334,26.040993324628257
88,22250,107.0,52.39550447212899
89,22500,114.46666666666665,10.014655926857067
90,22750,147.06666666666666,28.597902020952514
91,23000,179.0666666666667,63.464565791558925
92,23250,134.26666666666668,22.63762845843668
93,23500,165.8666666666667,66.09340192317066
94,23750,147.06666666666666,66.82461289741144
95,24000,112.06666666666668,62.53368869835061
96,24250,115.33333333333334,71.74213081121394
97,24500,113.8,46.78679775796207
98,24750,121.73333333333332,44.26405614792511
99,25000,139.7333333333333,66.03749776536897
100,25250,126.06666666666665,60.02865982178846
101,25500,136.73333333333332,56.08937312698171
102,25750,157.13333333333333,43.83129272816651
103,26000,112.86666666666667,25.297869914722515
104,26250,142.26666666666668,51.412665970772444
105,26500,104.0,38.47076812334269
106,26750,151.66666666666669,62.266809421677905
107,27000,225.0,49.48759665029432
108,27250,156.86666666666667,48.716230469024495
109,27500,184.13333333333333,37.618317051375094
110,27750,158.46666666666664,21.848569747239743
111,28000,208.0,63.88218322297175
112,28250,189.46666666666664,30.056687183461264
113,28500,160.93333333333334,26.371196408202646
114,28750,173.73333333333332,42.257096708389966
115,29000,131.73333333333335,27.09604317156945
116,29250,122.13333333333333,17.84700410588723
117,29500,137.26666666666668,39.88617137137465
118,29750,141.66666666666666,24.874797598283198
119,30000,140.6,45.18278925038211
120,30250,148.2,28.632227374838386
121,30500,156.46666666666667,63.78247756589928
122,30750,187.2,24.53804302619823
123,31000,203.06666666666666,35.70707990798961
124,31250,168.4,35.84993413909959
125,31500,176.86666666666665,63.113513256319
126,31750,205.66666666666666,64.52424178382708
127,32000,168.13333333333333,37.961735120161904
128,32250,196.4,69.22632768278586
129,32500,183.0,37.426669041681436
130,32750,217.2,40.586040293020304
131,33000,195.93333333333334,58.10159684170095
132,33250,196.53333333333336,27.2385347949881
133,33500,199.46666666666667,32.58056680497339
134,33750,217.93333333333334,70.12858032056387
135,34000,179.4,40.65267518872528
136,34250,177.6,32.06895348741174
137,34500,160.00000000000003,49.1754229490934
138,34750,162.00000000000003,48.95485448633034
139,35000,155.4,26.991685962738803
140,35250,146.93333333333334,30.64085870569266
141,35500,143.60000000000002,24.92067414818468
142,35750,136.33333333333331,62.35418546051615
143,36000,131.13333333333333,55.59960031830765
144,36250,132.66666666666669,22.295988677587523
145,36500,143.6,32.207935530100514
146,36750,114.93333333333335,43.881355190255164
147,37000,153.2,39.63589843115007
148,37250,194.53333333333333,72.87389412158818
149,37500,174.53333333333333,31.568338568888926
150,37750,154.13333333333333,88.94657572573175
151,38000,170.33333333333331,99.39707127364356
152,38250,159.86666666666667,62.51776636373943
153,38500,163.66666666666669,33.12266763277245
154,38750,173.93333333333334,42.01449485329769
155,39000,166.8,38.03425356759936
156,39250,183.26666666666668,51.13572354257073
157,39500,198.66666666666666,43.996969592613226
158,39750,211.1333333333333,26.200593716767404
159,40000,198.46666666666667,27.87001574771313
160,40250,208.7333333333333,41.9366718331873
161,40500,156.46666666666667,27.36632155689829
162,40750,171.33333333333334,48.755626455939534
163,41000,147.79999999999998,56.31680230821191
164,41250,134.0,9.428090415820636
165,41500,169.2,56.00182536707571
166,41750,116.53333333333333,53.9108729499182
167,42000,134.39999999999998,41.72630398734645
168,42250,137.53333333333333,44.50248432516
169,42500,137.33333333333331,54.27829523237934
170,42750,170.06666666666666,62.59904152620869
171,43000,163.4,70.01758509276239
172,43250,182.8,36.78200042895377
173,43500,198.13333333333335,65.97662885867658
174,43750,182.4,40.374029056092766
175,44000,171.2,37.76865249265734
176,44250,205.0,81.66136037182933
177,44500,173.06666666666666,44.901571365722944
178,44750,138.13333333333335,47.178431983740666
179,45000,136.0,23.86815637808854
180,45250,169.86666666666667,52.09589448528763
181,45500,176.33333333333331,50.82606505415198
182,45750,167.06666666666666,45.698723541619124
183,46000,169.06666666666666,44.155482860757694
184,46250,194.26666666666668,31.01497846023577
185,46500,213.13333333333335,32.87052039611041
186,46750,199.53333333333333,45.53074663223621
187,47000,173.13333333333333,35.897756042528464
188,47250,222.33333333333334,35.6414240892688
189,47500,200.46666666666667,29.874254988386085
190,47750,217.8,50.67613946534513
191,48000,175.26666666666668,26.817407282087014
192,48250,151.2,38.62100752469078
193,48500,162.4,38.07267903482612
194,48750,189.33333333333334,24.750308640050893
195,49000,185.93333333333334,43.66661577605177
196,49250,182.93333333333334,35.2113618026909
197,49500,175.6,43.647782176061234
198,49750,175.6,58.37175877273378
199,50000,146.8,19.05617426919102
200,50250,126.73333333333332,22.37299960021256
201,50500,160.33333333333331,30.433899228035536
202,50750,171.8,28.421900788730586
203,51000,180.2,50.960376764698275
204,51250,123.13333333333335,49.59865589576664
205,51500,122.06666666666668,46.36828417979015
206,51750,146.8,20.699543741616896
207,52000,128.0,7.708581077099873
208,52250,135.53333333333333,22.98656612507014
209,52500,139.26666666666665,17.97084057886862
210,52750,173.13333333333333,51.786570545739835
211,53000,204.8,51.11364244939353
212,53250,181.6,47.80348662318819
213,53500,197.99999999999997,57.429763866637806
214,53750,189.93333333333334,46.92897707055726
215,54000,167.8,22.11846890421366
216,54250,165.4,21.557571497942178
217,54500,244.33333333333334,118.00847427197759
218,54750,244.73333333333335,93.24600676585447
219,55000,166.13333333333333,41.94313610910213
220,55250,158.46666666666667,59.141111852171925
221,55500,201.73333333333335,122.31569355110933
222,55750,192.60000000000002,67.30441623284794
223,56000,187.86666666666665,62.07543797670702
224,56250,175.8,58.32918080457956
225,56500,201.4,67.25189794926071
226,56750,178.86666666666667,60.75766069668363
227,57000,156.93333333333334,52.719551507112726
228,57250,152.00000000000003,104.17591958904046
229,57500,180.13333333333335,23.70147674724088
230,57750,158.53333333333336,43.086270048202906
231,58000,178.59999999999997,52.28146049137409
232,58250,172.60000000000002,33.39221466150455
233,58500,195.46666666666667,32.49861535511936
234,58750,210.2,64.5678282463058
235,59000,186.06666666666666,63.28257615208505
236,59250,247.93333333333334,138.55306243858746
237,59500,216.46666666666664,158.95220805149089
238,59750,204.8,92.31410148689817
239,60000,188.66666666666669,98.75604060286923
240,60250,211.2,47.69048356037316
241,60500,202.86666666666665,47.62567001570104
242,60750,166.33333333333331,33.67425657019848
243,61000,160.93333333333334,30.922411865110963
244,61250,150.33333333333331,34.66858969025292
245,61500,193.2666666666667,46.10297652478031
246,61750,202.53333333333336,59.433473546291886
247,62000,190.93333333333334,74.64386556621159
248,62250,219.2,99.25961470362009
249,62500,213.7333333333333,56.51996697333312
250,62750,172.2,49.91842233974235
251,63000,176.33333333333334,59.09389891426093
252,63250,152.6,47.40060946631148
253,63500,120.26666666666668,27.50951350593706
254,63750,121.86666666666665,27.217314750397808
255,64000,137.33333333333331,25.705165931297845
256,64250,112.53333333333335,26.94075805252043
257,64500,113.0,24.251460437122823
258,64750,141.66666666666669,21.54581681492308
259,65000,181.66666666666669,50.45217757661428
260,65250,125.33333333333334,74.8530412059375
261,65500,216.6,144.07442521141633
262,65750,194.73333333333332,166.803463859584
263,66000,197.20000000000002,157.97012375762702
264,66250,153.86666666666667,22.351336027679025
265,66500,154.4,22.031694341460796
266,66750,144.73333333333335,26.504842324878418
267,67000,170.8,51.36907846382123
268,67250,215.86666666666665,66.94196491489227
269,67500,210.66666666666669,36.84321134513416
270,67750,154.66666666666669,80.25099514786233
271,68000,142.93333333333334,91.88504895913275
272,68250,153.06666666666666,65.94354487826014
273,68500,157.93333333333334,20.3845257214606
274,68750,171.26666666666665,74.12523936629891
275,69000,150.06666666666666,47.853201448689816
276,69250,171.73333333333335,58.701277669229654
277,69500,176.86666666666665,36.453074858873926
278,69750,194.0,84.05104269298376
279,70000,182.46666666666664,66.42342291022882
280,70250,208.53333333333336,65.58983661106853
281,70500,283.2,116.60848072836632
282,70750,187.0,20.984650474943717
283,71000,208.4666666666667,62.03998710509215
284,71250,197.06666666666666,115.50899916841496
285,71500,184.86666666666665,58.069919541493725
286,71750,192.66666666666666,53.11664313355822
287,72000,160.20000000000002,79.67534122926617
288,72250,219.6,141.22974191012318
289,72500,254.53333333333336,151.83171971334286
290,72750,245.0666666666667,131.9709395620448
291,73000,292.46666666666664,118.48180357243797
292,73250,261.46666666666664,122.89771718339153
293,73500,236.9333333333333,132.4454436949628
294,73750,206.46666666666664,149.18081497148202
295,74000,209.46666666666664,146.5171358958095
296,74250,211.66666666666669,146.80902182389502
297,74500,231.2,140.29359690781803
298,74750,273.3333333333333,132.8251984125502
299,75000,293.66666666666663,123.82550446315797
300,75250,249.1333333333333,137.52051968100372
301,75500,140.26666666666665,87.54006067065652
302,75750,231.06666666666666,144.76761454904968
303,76000,266.8,125.18654524792636
304,76250,169.73333333333332,61.14078471491478
305,76500,159.53333333333333,20.645795913185058
306,76750,180.06666666666666,52.78821417282039
307,77000,139.46666666666667,29.17731234290704
308,77250,152.13333333333333,36.90143026436178
309,77500,142.0,45.258762196458214
310,77750,211.7333333333333,64.9387403635149
311,78000,211.13333333333335,34.944781839035386
312,78250,201.4,34.62651520952628
313,78500,282.46666666666664,128.03742508431753
314,78750,241.33333333333331,84.20372121626612
315,79000,197.33333333333331,38.09053542402481
316,79250,201.46666666666667,59.91163863928648
317,79500,171.46666666666664,51.314108954339034
318,79750,137.26666666666668,32.99993265986395
319,80000,127.8,18.016782299968117
320,80250,96.33333333333334,53.918456951214765
321,80500,157.93333333333334,36.041580924753504
322,80750,190.93333333333334,64.6863887451517
323,81000,149.86666666666667,35.14010055003637
324,81250,186.93333333333334,122.41466869256766
325,81500,168.8,77.52837473395718
326,81750,154.26666666666668,31.804541953766428
327,82000,212.8,77.50458050979955
328,82250,185.06666666666666,102.65095117814437
329,82500,240.06666666666666,144.4870467089236
330,82750,197.73333333333335,60.334401463841495
331,83000,250.33333333333334,87.5353896686617
332,83250,199.86666666666665,107.60640212263293
333,83500,190.4,116.88748626112398
334,83750,182.4,53.35724463983833
335,84000,196.86666666666665,73.70831401921737
336,84250,184.2,77.03926848620053
337,84500,181.13333333333335,18.73867065129696
338,84750,186.33333333333334,24.982660653607997
339,85000,198.2666666666667,27.077994345552582
340,85250,173.13333333333335,22.233708142767767
341,85500,174.53333333333336,34.408396907990024
342,85750,197.26666666666665,31.784971990619155
343,86000,252.39999999999995,85.19817421100576
344,86250,221.6,80.60173695398878
345,86500,218.93333333333334,77.52258452290604
346,86750,215.46666666666664,47.70213132904371
347,87000,204.8666666666667,59.42150751668587
348,87250,286.8666666666667,115.32978799945832
349,87500,346.93333333333334,138.2857588875699
350,87750,327.06666666666666,153.18621928155866
351,88000,338.4,136.65372296428663
352,88250,256.4666666666667,142.8194820199417
353,88500,324.79999999999995,157.92847888979506
354,88750,283.53333333333336,126.01156913377262
355,89000,229.53333333333336,106.05776203979079
356,89250,252.39999999999995,138.77069815586668
357,89500,197.06666666666666,137.20696451387266
358,89750,222.73333333333335,91.70106021439689
359,90000,240.0,65.91745680099552
360,90250,181.13333333333333,46.715973951339414
361,90500,258.19999999999993,125.35896900944547
362,90750,247.86666666666665,79.25138624795292
363,91000,173.73333333333332,50.14042503033079
364,91250,248.00000000000006,132.0829705568099
365,91500,254.4666666666667,138.73069034804246
366,91750,235.8,148.86035215746483
367,92000,264.26666666666665,125.36212435270163
368,92250,294.1333333333333,126.92930665882047
369,92500,266.26666666666665,120.67613222542761
370,92750,229.2666666666667,141.26781500241148
371,93000,246.93333333333334,132.92092887628093
372,93250,214.0,68.42773966422942
373,93500,218.46666666666664,110.24993827158765
374,93750,301.19999999999993,124.9299537074009
375,94000,271.6,118.28278732671875
376,94250,265.1333333333333,123.72112008689362
377,94500,271.1333333333333,118.6280086844774
378,94750,283.1333333333333,120.87451711956862
379,95000,161.46666666666667,62.4380937854092
380,95250,247.5333333333333,138.62605174433205
381,95500,164.8,59.75602247658576
382,95750,136.4,65.58909123390025
383,96000,171.06666666666666,55.96800673400633
384,96250,177.73333333333332,82.22770552286836
385,96500,218.0,138.6697115050323
386,96750,309.2666666666667,121.71102387759841
387,97000,251.93333333333334,76.35367996661617
388,97250,225.9333333333333,90.83548009695575
389,97500,187.86666666666667,43.75568534487832
390,97750,151.0,32.47015723878022
391,98000,166.13333333333333,62.50994587530318
392,98250,268.6,136.70461261826944
393,98500,178.2666666666667,80.2779615530384
394,98750,169.53333333333336,82.67086010869315
395,99000,155.2,99.03525747036872
396,99250,175.06666666666666,100.18170158932884
397,99500,170.46666666666667,114.488349722678
398,99750,174.86666666666667,61.768240670716494
399,100000,283.59999999999997,115.34824566406624
400,100250,280.73333333333335,128.0918767482501
401,100500,203.26666666666665,77.79900027920954
402,100750,228.06666666666666,94.19304055443209
403,101000,276.93333333333334,151.26333182749727
404,101250,273.8666666666667,124.59955412796985
405,101500,286.26666666666665,116.2586006376398
406,101750,294.59999999999997,104.28345985821528
407,102000,365.0666666666667,123.31917035796899
408,102250,286.0,109.48383949748525
409,102500,315.8666666666667,114.8550003748688
410,102750,331.33333333333337,140.77041987261072
411,103000,331.8666666666667,174.46153348708896
412,103250,253.4,139.29798594699383
413,103500,282.0666666666667,128.7647985022822
414,103750,196.26666666666668,63.797735940322454
415,104000,239.06666666666666,138.9665667225994
416,104250,152.06666666666666,120.71737424432511
417,104500,208.7333333333333,157.0946494597728
418,104750,266.4,134.78895437765746
419,105000,263.19999999999993,122.73414810520792
420,105250,238.5333333333333,131.75509266986398
421,105500,173.53333333333333,53.49915887189256
422,105750,220.9333333333333,142.19820283283784
423,106000,342.8666666666667,144.46600522845043
424,106250,189.53333333333336,96.86797429720745
425,106500,176.33333333333334,50.43103101155963
426,106750,117.86666666666667,73.1150083392216
427,107000,241.2666666666667,96.0665047419408
428,107250,178.46666666666664,49.9059560017083
429,107500,205.86666666666665,118.29578747078584
430,107750,142.66666666666669,81.78372562911143
431,108000,131.6,55.933849818831135
432,108250,244.99999999999994,132.99908103274834
433,108500,177.2,49.124603475923
434,108750,232.93333333333334,144.56853814790486
435,109000,248.46666666666664,77.9585644927982
436,109250,314.93333333333334,132.55563192695948
437,109500,204.06666666666666,29.761571045748095
438,109750,257.93333333333334,126.2599435028122
439,110000,242.26666666666665,138.2669559624103
440,110250,293.7333333333333,182.81337174530995
441,110500,245.66666666666669,156.25008444442165
442,110750,190.73333333333335,72.35142630860078
443,111000,159.8,129.54494715477455
444,111250,134.33333333333331,61.15081538476999
445,111500,242.53333333333336,144.43216016140204
446,111750,165.60000000000002,54.74401032685372
447,112000,283.20000000000005,139.9737435696027
448,112250,237.0666666666667,143.25166665697122
449,112500,238.86666666666665,141.95235507419773
450,112750,161.46666666666667,80.41216049550937
451,113000,167.33333333333331,67.94736525020264
452,113250,202.0,105.31750935992447
453,113500,136.66666666666669,46.43801125036353
454,113750,157.53333333333333,49.59955196930266
455,114000,166.46666666666667,49.38492797515363
456,114250,158.86666666666665,90.12006805737923
457,114500,181.46666666666667,58.8397446931541
458,114750,192.4,65.39228632729636
459,115000,192.53333333333336,63.108935799756416
460,115250,188.06666666666666,50.61110989145016
461,115500,202.66666666666666,55.40677856644538
462,115750,213.5333333333333,49.78112091948112
463,116000,214.6,51.262028398762716
464,116250,207.06666666666666,78.18650068195205
465,116500,191.6,86.7618451727358
466,116750,206.5333333333333,158.28225140902916
467,117000,246.66666666666666,131.95740053348868
468,117250,214.4,143.0417809981095
469,117500,221.6,141.3495902599886
470,117750,218.8,145.48044542136924
471,118000,175.26666666666668,80.95716288397355
472,118250,209.0666666666667,147.71013656633198
473,118500,177.46666666666667,71.07260763160133
474,118750,235.4,141.20566560871416
475,119000,233.66666666666669,144.92726144901488
476,119250,218.7333333333333,141.02110165188438
477,119500,215.8,143.0534631993694
478,119750,224.13333333333335,140.6545966385584
479,120000,228.26666666666665,140.7066925676719
480,120250,219.9333333333333,142.0626465878894
481,120500,222.4,139.54456078416115
482,120750,170.2,50.013598150902915
483,121000,246.4,129.14426042221154
484,121250,220.13333333333335,142.6362272823189
485,121500,176.13333333333333,52.27601957133138
486,121750,251.4,84.3620241051097
487,122000,212.9333333333333,47.92651782793228
488,122250,215.9333333333333,105.21372956458148
489,122500,222.6,113.25161759943605
490,122750,283.80000000000007,113.64009464582081
491,123000,311.40000000000003,107.93257154353361
492,123250,277.6666666666667,113.45522856567206
493,123500,343.0,135.1415718587158
494,123750,245.00000000000006,66.05284080020918
495,124000,187.4,69.03731680121346
496,124250,175.26666666666665,51.89964675538104
497,124500,289.20000000000005,183.4250194978258
498,124750,335.4,158.81651187595213
499,125000,234.93333333333334,157.90692054357706
500,125250,156.79999999999998,61.820384987478036
501,125500,154.66666666666669,25.18818064975008
502,125750,165.0,53.52050489713681
503,126000,161.7333333333333,85.92927324259178
504,126250,129.46666666666664,77.36625735925047
505,126500,178.86666666666665,167.86166262067636
506,126750,228.8666666666667,149.7956534008173
507,127000,263.8666666666667,169.22865530925245
508,127250,157.6,93.38317716686329
509,127500,269.3333333333333,183.17908662775284
510,127750,287.33333333333337,151.2103758932494
511,128000,288.8,181.11072119930762
512,128250,211.2,157.69190777518602
513,128500,202.93333333333334,162.51842972413928
514,128750,289.33333333333337,174.38386775540144
515,129000,307.4,166.6493857707786
516,129250,271.8,138.38731476869145
517,129500,158.46666666666664,30.984297098153874
518,129750,238.86666666666665,141.32981127686952
519,130000,228.66666666666669,140.7448439947663
520,130250,322.6,151.08061130109022
521,130500,291.66666666666663,170.1129036845824
522,130750,289.8,171.96092579420477
523,131000,275.33333333333337,187.40342698159083
524,131250,269.20000000000005,192.79852466009982
525,131500,274.4,195.07427645215893
526,131750,265.0,142.4680860949411
527,132000,249.73333333333335,149.5943255014114
528,132250,221.33333333333334,139.5065908439056
529,132500,229.6,138.67762777191007
530,132750,146.46666666666667,41.43299812146513
531,133000,214.4,153.75700887366983
532,133250,125.13333333333335,49.25471212652315
533,133500,138.8,68.70794875574603
534,133750,198.26666666666668,150.37662347881363
535,134000,171.20000000000002,123.59316773637251
536,134250,158.93333333333334,139.8142259492137
537,134500,167.53333333333333,151.6400123098562
538,134750,177.66666666666666,117.51576726361257
539,135000,224.8,141.91070744975127
540,135250,262.53333333333336,134.77827058625667
541,135500,250.06666666666666,128.0198595704762
542,135750,230.46666666666664,143.0066975898526
543,136000,250.4666666666667,138.06159655908823
544,136250,291.4666666666667,145.08275033388512
545,136500,337.2,131.22103489913496
546,136750,325.1333333333333,123.92660910573017
547,137000,317.26666666666665,111.40883667325896
548,137250,197.86666666666665,75.54971872879474
549,137500,270.9333333333333,97.96743223019463
550,137750,361.6,136.73581990262994
551,138000,382.8666666666667,129.3415117689084
552,138250,324.06666666666666,148.28567024497005
553,138500,140.33333333333331,47.26144776077479
554,138750,139.6,26.58102915823823
555,139000,217.26666666666665,144.83115073154056
556,139250,224.13333333333335,160.22936337915374
557,139500,235.4,167.95189787555248
558,139750,198.73333333333335,152.5305652429484
559,140000,211.2,112.98939969946049
560,140250,255.2,152.9972548773343
561,140500,305.9333333333333,188.81847838010395
562,140750,187.66666666666669,104.46626249655915
563,141000,190.26666666666668,44.47890885951828
564,141250,259.0,197.27341432641146
565,141500,252.5333333333333,148.37169541391648
566,141750,287.4,178.36970345636368
567,142000,310.8,169.52070997701463
568,142250,240.20000000000005,131.5358168375105
569,142500,265.6,165.85728805210823
570,142750,198.4,63.06025337370248
571,143000,299.2,174.17138430612277
572,143250,321.06666666666666,219.82845837404926
573,143500,365.66666666666663,164.7913158445486
574,143750,321.4666666666667,155.3540186513085
575,144000,309.79999999999995,163.40836371903777
576,144250,398.4,147.65054840549848
577,144500,393.06666666666666,140.47592122653776
578,144750,301.7333333333333,136.21786471188963
579,145000,436.8,126.23339934863162
580,145250,423.5333333333333,152.93333333333334
581,145500,351.20000000000005,183.1416695105489
582,145750,419.1333333333333,161.73333333333332
583,146000,341.6666666666667,194.0389422541545
584,146250,421.2666666666666,157.46666666666667
585,146500,412.2,175.6
586,146750,394.4,184.9309060162741
587,147000,323.33333333333337,176.06766376090252
588,147250,438.5333333333333,122.93333333333334
589,147500,382.1333333333333,117.79654777058056
590,147750,441.9333333333333,52.60899796295941
591,148000,382.1333333333333,151.50410335477167
592,148250,246.06666666666666,136.10264100629675
593,148500,263.53333333333336,148.16561304462277
594,148750,190.59999999999997,145.13218495947447
595,149000,259.46666666666664,163.26537361676608
596,149250,333.9333333333333,151.8959292849329
597,149500,346.8,189.44323101599005
598,149750,310.6666666666667,156.9471248542005
599,150000,293.9333333333333,165.94194433261558
600,150250,236.86666666666665,145.75041071030373
601,150500,327.1333333333333,142.6187770090445
602,150750,388.0,110.19437372207348
603,151000,311.5333333333333,154.7144466428394
604,151250,400.2666666666667,129.08333225737036
605,151500,369.8666666666667,160.18345038666692
606,151750,201.66666666666666,150.85931636240878
607,152000,368.73333333333335,163.99273696654305
608,152250,379.5333333333333,149.7840816345686
609,152500,372.0666666666667,160.80304032504415
610,152750,361.8666666666667,173.38173683138217
611,153000,281.53333333333336,188.65908111959226
612,153250,361.26666666666665,170.2330950980645
613,153500,367.3333333333333,162.57524753513712
614,153750,404.2666666666667,135.06186236931086
615,154000,373.1333333333333,179.2036209951623
616,154250,390.4,174.38073288067122
617,154500,364.06666666666666,184.07539518118958
618,154750,401.6,126.28493356075555
619,155000,422.2666666666667,106.24299192574226
620,155250,332.2,138.80659606485244
621,155500,322.59999999999997,150.28009404663902
622,155750,320.93333333333334,153.81163082737854
623,156000,284.3333333333333,181.72702361264578
624,156250,283.26666666666665,159.44701662656192
625,156500,323.8666666666667,160.93209057791358
626,156750,326.6666666666667,162.47516049469772
627,157000,346.6,154.11646389806785
628,157250,396.53333333333336,125.52372064452378
629,157500,390.06666666666666,190.54592913812436
630,157750,492.0666666666667,13.802415247581363
631,158000,387.2666666666667,175.5793457860766
632,158250,480.33333333333337,39.33333333333333
633,158500,444.3333333333333,111.33333333333334
634,158750,384.0666666666667,146.57184813826515
635,159000,379.40000000000003,151.43673413159848
636,159250,424.2666666666667,151.46666666666667
637,159500,426.8,146.4
638,159750,348.19999999999993,186.1635601053845
639,160000,349.53333333333336,185.77640084550868
640,160250,305.2,159.8450082632131
641,160500,360.6666666666667,170.7291552267639
642,160750,339.2,198.98482354189727
643,161000,280.53333333333336,179.68980679678705
644,161250,279.9333333333333,183.86884214328188
645,161500,315.7333333333333,225.687630734754
646,161750,183.33333333333331,173.50145692631966
647,162000,242.60000000000005,215.76029909755565
648,162250,248.7333333333333,132.02397088744488
649,162500,434.5333333333333,118.0526436242182
650,162750,379.0,141.3701209984313
651,163000,406.53333333333336,114.71037926496065
652,163250,275.4666666666667,154.14172410840328
653,163500,274.7333333333333,178.84821621823474
654,163750,315.1333333333333,113.13189942128022
655,164000,272.93333333333334,116.22113022643994
656,164250,157.8,30.12610532780868
657,164500,424.9333333333333,137.9734918179737
658,164750,392.3333333333333,191.46870936700512
659,165000,372.26666666666665,85.41230720582497
660,165250,276.1333333333333,126.19043809523232
661,165500,260.6,163.65674104322403
662,165750,363.26666666666665,131.32764793108538
663,166000,425.8666666666666,145.94452522943246
664,166250,308.73333333333335,169.53549611938038
665,166500,364.6,138.33829709969848
666,166750,339.8666666666667,139.90879568887408
667,167000,374.6,153.98129756564595
668,167250,257.93333333333334,147.56789774352836
669,167500,263.73333333333335,171.43128198915286
670,167750,203.8,162.99060640962648
671,168000,205.0,157.21718876905427
672,168250,264.19999999999993,196.48563419355736
673,168500,245.46666666666664,182.83357338179317
674,168750,341.6,137.38274192116629
675,169000,357.4,125.6928177918072
676,169250,332.6666666666667,165.8474533352194
677,169500,350.4,168.7383773775249
678,169750,204.8,133.01789353316343
679,170000,166.8,65.0260118892603
680,170250,230.53333333333336,165.49757970704252
681,170500,248.53333333333336,130.1360996973724
682,170750,318.06666666666666,156.10998971522895
683,171000,326.53333333333336,181.6748744323221
684,171250,332.3333333333333,143.39037624610657
685,171500,373.2,156.14375143152898
686,171750,354.1333333333333,179.34778132630095
687,172000,357.66666666666663,174.4115184779313
688,172250,302.20000000000005,164.71410922497736
689,172500,331.4,156.18584371759746
690,172750,353.33333333333337,154.6349105330215
691,173000,350.1333333333333,149.90109331748644
692,173250,293.46666666666664,175.32022764707506
693,173500,309.06666666666666,176.01381258930283
694,173750,328.73333333333335,156.0292565158499
695,174000,256.6,124.56919540738971
696,174250,234.13333333333335,136.87441121131607
697,174500,208.33333333333334,156.32274306702783
698,174750,250.4,142.9317475036405
699,175000,189.73333333333332,169.41564928371352
700,175250,219.6,162.89306649182805
701,175500,254.6,147.8118022652078
702,175750,402.66666666666663,120.19243829052733
703,176000,377.53333333333336,150.66395277791787
704,176250,312.79999999999995,120.57171217900897
705,176500,392.0,137.7250078154936
706,176750,412.4666666666666,137.77688888602145
707,177000,211.0,142.71665790805378
708,177250,236.06666666666666,136.85586903340644
709,177500,291.73333333333335,155.43521694476664
710,177750,210.2,90.24105988345266
711,178000,204.4,148.7487665681822
712,178250,288.1333333333333,174.36648505693722
713,178500,256.0,139.06273564274667
714,178750,203.6,157.55851117741764
715,179000,275.8,184.78619477054494
716,179250,368.66666666666663,160.84996459779254
717,179500,354.6,178.10413932428534
718,179750,324.1333333333333,217.60980370072178
719,180000,339.1333333333333,197.56468420353988
720,180250,312.4,182.69469371361367
721,180500,359.4,177.93112275384667
722,180750,315.26666666666665,157.84949230904172
723,181000,236.2,154.37984900166788
724,181250,384.1333333333333,145.86090786925894
725,181500,377.4,152.76858315766367
726,181750,351.06666666666666,184.84556917720383
727,182000,355.6,179.80846599769555
728,182250,395.6,160.2244814141848
729,182500,362.0,173.45636659146044
730,182750,353.93333333333334,179.30463215185242
731,183000,397.2666666666667,143.3182007515677
732,183250,362.3333333333333,115.77334177895473
733,183500,327.6,148.0351910113868
734,183750,354.2,169.03340892655905
735,184000,343.73333333333335,136.80503564481015
736,184250,340.8666666666667,136.48745974142338
737,184500,399.66666666666663,100.34961108267656
738,184750,440.6,90.45868301790233
739,185000,376.06666666666666,138.89426834026585
740,185250,402.6,126.07236017462353
741,185500,388.73333333333335,116.02880868320783
742,185750,446.1333333333333,107.73333333333333
743,186000,427.7333333333334,95.64805858516476
744,186250,466.9333333333334,66.13333333333333
745,186500,500.0,0.0
746,186750,500.0,0.0
747,187000,421.7333333333334,156.53333333333333
748,187250,402.0,196.0
749,187500,393.4,155.13813199855153
750,187750,462.6,74.8
751,188000,421.3333333333333,97.96053627184095
752,188250,300.26666666666665,176.30508910534726
753,188500,216.7333333333333,231.38543121332808
754,188750,436.3333333333333,127.33333333333334
755,189000,436.6,126.8
756,189250,372.3333333333333,156.45148342750434
757,189500,436.1333333333333,127.73333333333333
758,189750,324.33333333333337,216.02880466374026
759,190000,329.6,210.02797697238128
760,190250,392.26666666666665,151.38213603695488
761,190500,381.6,174.4485151683569
762,190750,288.33333333333337,183.3556350071873
763,191000,286.26666666666665,217.89553052374023
764,191250,307.8666666666667,182.10382874735075
765,191500,287.06666666666666,181.29845252756266
766,191750,331.80000000000007,210.8169927791506
767,192000,268.2,196.1717614744793
768,192250,237.73333333333335,217.89685633344965
769,192500,343.1333333333333,201.71086017146203
770,192750,343.66666666666663,191.64944850197486
771,193000,369.2,160.934161831615
772,193250,332.6,147.42371285214298
773,193500,500.0,0.0
774,193750,264.1333333333333,196.6656045169058
775,194000,335.79999999999995,181.05034290679117
776,194250,381.2,177.4701978111004
777,194500,398.6,194.73610633652692
778,194750,303.0,201.7887784568585
779,195000,367.2666666666667,165.79537589048334
780,195250,331.26666666666665,148.93017006488495
781,195500,351.4666666666667,160.00841644530243
782,195750,403.8,129.99104242643457
783,196000,359.4,173.13994339839667
784,196250,432.7333333333334,132.37730587646476
785,196500,319.0666666666667,148.03654203532918
786,196750,392.8,115.66245909734258
787,197000,320.59999999999997,148.9729878572324
788,197250,314.33333333333337,156.22121068109368
789,197500,339.8666666666667,168.3384949703688
790,197750,352.40000000000003,181.06725576732836
791,198000,483.8,24.79032069175387
792,198250,302.4666666666667,159.27859589760047
793,198500,152.00000000000003,65.7513835933849
794,198750,167.0,53.62752195571889
795,199000,358.2,108.70584160936339
796,199250,343.73333333333335,129.20120398475825
797,199500,359.40000000000003,157.30739899247516
798,199750,400.73333333333335,94.04689137753452
799,200000,432.4,115.05948220135726
800,200250,427.2,145.6
801,200500,388.33333333333337,181.5692093329091
802,200750,293.8666666666667,180.72208252206235
803,201000,195.2,163.2321591408316
804,201250,189.13333333333333,164.0759444755859
805,201500,293.80000000000007,186.85652249787805
806,201750,254.66666666666666,161.9886141403497
807,202000,261.26666666666665,127.9879160962732
808,202250,330.73333333333335,94.37711587032102
809,202500,343.4,137.60820388980366
810,202750,431.5333333333333,74.00828782417999
811,203000,397.6666666666667,129.23432636537055
812,203250,396.73333333333335,126.85466750051678
813,203500,282.4,190.17295052428224
814,203750,333.46666666666664,207.89758162240474
815,204000,335.6,147.82548269271211
816,204250,348.93333333333334,187.88157026287715
817,204500,470.1333333333333,50.47798199875533
818,204750,427.0666666666666,91.82747107725686
819,205000,442.2,115.60000000000001
820,205250,236.06666666666666,153.5057581258038
821,205500,331.7333333333333,153.97047335988373
822,205750,292.00000000000006,172.74502726401255
823,206000,267.9333333333333,150.27846744553185
824,206250,325.66666666666663,180.5511315697332
825,206500,331.46666666666664,208.569903016817
826,206750,350.2,197.4744540440611
827,207000,354.79999999999995,180.02982468962685
828,207250,410.0,111.95713465429526
829,207500,464.3333333333333,71.33333333333333
830,207750,396.73333333333335,128.00215275967474
831,208000,358.0,193.64928206539898
832,208250,288.6,182.5920042060988
833,208500,352.4666666666667,183.6781726583513
834,208750,298.9333333333333,166.29657576483984
835,209000,326.53333333333336,168.66358363453696
836,209250,342.53333333333336,186.5274004298326
837,209500,371.7333333333333,119.10208506431223
838,209750,415.9333333333334,126.11959051277923
839,210000,451.0,98.0
840,210250,299.9333333333333,165.830087070404
841,210500,222.5333333333333,153.60419554455171
842,210750,343.8666666666667,191.29042492154872
843,211000,366.4666666666667,163.9774510243541
844,211250,340.6,203.38276994650042
845,211500,401.8,196.39999999999998
846,211750,280.4666666666667,192.16654813526267
847,212000,335.53333333333336,151.60835509078427
848,212250,467.4,65.2
849,212500,362.73333333333335,168.1721868932091
850,212750,397.2,136.24709578963916
851,213000,380.6666666666667,149.9475463842829
852,213250,397.0,142.7080936737647
853,213500,459.4666666666666,43.00160203734016
854,213750,298.2666666666667,119.43708711190916
855,214000,339.2,138.78882439799602
856,214250,408.53333333333336,136.50520543595073
857,214500,381.20000000000005,156.1608287774
858,214750,320.46666666666664,168.38851900688874
859,215000,324.4666666666667,155.530575772097
860,215250,246.66666666666666,132.1448699975397
861,215500,239.2,163.13043179547395
862,215750,242.0,159.75592494663712
863,216000,345.4,147.05651219098655
864,216250,287.06666666666666,174.42087031086618
865,216500,414.8,129.52710570035566
866,216750,467.2666666666666,65.46666666666668
867,217000,403.2666666666667,193.4666666666667
868,217250,376.1333333333333,129.602057596835
869,217500,247.13333333333335,180.25384569791814
870,217750,251.66666666666666,167.93993635291824
871,218000,288.7333333333333,173.34030755200078
872,218250,355.8,176.6424637509339
873,218500,292.6,124.52905060444509
874,218750,385.93333333333334,141.39627529276245
875,219000,276.2666666666666,184.1779815528688
876,219250,283.7333333333333,190.8192163628531
877,219500,202.06666666666666,93.40792257619265
878,219750,290.66666666666663,132.45158444587298
879,220000,500.0,0.0
880,220250,435.9333333333334,78.49087703534582
881,220500,500.0,0.0
882,220750,462.4666666666666,75.06666666666666
883,221000,331.0,107.53810694095579
884,221250,408.0666666666667,128.07227126379334
885,221500,473.6,52.800000000000004
886,221750,377.93333333333334,151.86052080042984
887,222000,429.2,141.6
888,222250,407.93333333333334,112.8256078103627
889,222500,390.8,126.80283908493533
890,222750,378.8666666666667,152.5509896540971
891,223000,278.26666666666665,190.492391215794
892,223250,179.2,167.70325644489503
893,223500,218.1333333333333,197.7637872704595
894,223750,222.40000000000003,200.56092452031737
895,224000,243.7333333333333,213.7728181452866
896,224250,302.66666666666663,146.32915711580597
897,224500,239.0,70.97699157708315
898,224750,224.39999999999995,84.41126833677019
899,225000,323.46666666666664,118.2382904702759
900,225250,330.2,164.51593641144112
901,225500,329.33333333333337,156.00270652922802
902,225750,291.0666666666667,155.48453299283503
903,226000,374.46666666666664,143.8918729849296
904,226250,387.0,146.9609169511102
905,226500,373.6,168.36711212242267
906,226750,380.2,165.33650534591567
907,227000,408.53333333333336,182.93333333333334
908,227250,402.73333333333335,129.46769652868798
909,227500,486.8,26.400000000000002
910,227750,421.4666666666667,126.53547592144533
911,228000,435.3333333333333,79.20269355689028
912,228250,415.0,123.31098896692055
913,228500,371.4666666666667,184.69212820860076
914,228750,279.8,193.38293616552625
915,229000,299.1333333333333,182.87185555890102
916,229250,440.2666666666667,73.20182147096249
917,229500,430.8666666666667,129.77375184014167
918,229750,425.8,63.67752088976665
919,230000,465.2,69.6
920,230250,412.2,133.7791878847794
921,230500,372.4666666666667,159.8794823887321
922,230750,500.0,0.0
923,231000,312.4666666666667,113.15743212199739
924,231250,354.93333333333334,156.8593708460614
925,231500,396.0,144.23453123298873
926,231750,378.33333333333337,149.9267969525276
927,232000,327.20000000000005,142.80687814123115
928,232250,357.46666666666664,155.73490296012645
929,232500,363.2,135.47949414333274
930,232750,317.1333333333333,153.4558351231172
931,233000,437.1333333333333,125.73333333333335
932,233250,413.7333333333333,139.76510453058174
933,233500,346.6,196.64863194145147
934,233750,273.4666666666667,182.15812422788673
935,234000,344.8666666666667,190.01422168996837
936,234250,222.13333333333335,156.34983566064633
937,234500,342.93333333333334,192.66682814295424
938,234750,241.93333333333334,213.92276903385277
939,235000,268.2666666666667,206.763568680107
940,235250,371.8666666666667,186.61351624264637
941,235500,366.0666666666667,164.84584044224806
942,235750,433.9333333333333,132.13333333333335
943,236000,380.8666666666667,150.2199276616344
944,236250,361.8666666666667,169.18873090920292
945,236500,275.20000000000005,184.3386497123644
946,236750,263.9333333333333,195.04693452260832
947,237000,291.4666666666667,174.0297037226053
948,237250,292.59999999999997,178.07082236508535
949,237500,272.8666666666667,195.59545552548562
950,237750,386.8666666666667,163.14187418045407
951,238000,274.2666666666667,194.27693864401118
952,238250,342.73333333333335,194.36327956804092
953,238500,357.2,174.9931554217034
954,238750,257.5333333333333,201.3541490343155
955,239000,311.3333333333333,186.19738630460597
956,239250,350.6,184.29835713984116
957,239500,248.86666666666665,215.79337854119208
958,239750,188.13333333333335,164.94289921060562
959,240000,197.79999999999998,159.10843262798278
960,240250,281.53333333333336,178.43823705821697
961,240500,277.0,182.45632658559998
962,240750,305.2666666666666,172.7014636751975
963,241000,357.46666666666664,178.55476595275871
964,241250,446.2666666666667,107.46666666666665
965,241500,396.9333333333333,136.4462287252137
966,241750,358.1333333333333,174.0959633203609
967,242000,433.0666666666666,111.14323091298803
968,242250,435.1333333333333,129.73333333333335
969,242500,425.3333333333333,149.33333333333331
970,242750,295.2,154.07322934241367
971,243000,312.2666666666667,159.9540767428785
972,243250,300.1333333333333,139.68800155266658
973,243500,254.79999999999995,135.40434918339136
974,243750,385.6,131.67491957257633
975,244000,348.46666666666664,127.90023890169678
976,244250,302.0,162.38103337520673
977,244500,361.66666666666663,155.48619088380664
978,244750,218.8,142.30305688916172
979,245000,151.53333333333333,22.067170185594705
980,245250,201.66666666666669,117.1602890630325
981,245500,192.6,118.5730717040481
982,245750,299.1333333333333,130.83078129145807
983,246000,290.2,186.59708226848326
984,246250,372.00000000000006,159.51259093459257
985,246500,218.0666666666667,161.303495863474
986,246750,267.19999999999993,193.70155738489387
987,247000,163.26666666666668,177.44162107264714
988,247250,199.33333333333331,156.32430677565435
989,247500,246.53333333333336,210.6720041517936
990,247750,238.40000000000003,217.13717118704275
991,248000,245.39999999999995,212.39935132773934
992,248250,202.8,191.39193063217454
993,248500,238.06666666666666,173.19525269347182
994,248750,274.8666666666667,190.7384014239864
995,249000,412.1333333333334,127.46147130276924
996,249250,327.4,212.4500882560419
997,249500,399.33333333333337,141.66878429789833
998,249750,423.2,153.60000000000002
999,250000,388.2,161.19851115937766
1000,250250,424.6,113.1929326415744
1001,250500,450.2666666666666,99.46666666666667
1002,250750,500.0,0.0
1003,251000,500.0,0.0
1004,251250,484.0,32.0
1005,251500,497.8,4.3999999999999995
1006,251750,500.0,0.0
1007,252000,311.06666666666666,183.96369206992992
1008,252250,380.6,147.73134776042326
1009,252500,325.8666666666667,144.83348293049428
1010,252750,377.0,152.12626334726033
1011,253000,308.1333333333333,180.2867592352682
1012,253250,370.06666666666666,190.24199793362607
1013,253500,310.53333333333336,189.21435228626584
1014,253750,209.0,159.44668213683357
1015,254000,171.06666666666666,177.84430144245712
1016,254250,182.06666666666666,112.03320936222438
1017,254500,222.5333333333333,146.83635638204714
1018,254750,230.9333333333333,160.4444382887041
1019,255000,348.00000000000006,153.79943649658367
1020,255250,278.0666666666667,104.84875880153386
1021,255500,354.6,175.66247939348537
1022,255750,368.2,104.04904826304008
1023,256000,294.3333333333333,161.9134199365684
1024,256250,426.9333333333334,77.93969178509468
1025,256500,344.1333333333333,176.35703684413744
1026,256750,375.2,153.68562428253045
1027,257000,299.8,125.22363994070767
1028,257250,285.1333333333333,173.7380659370754
1029,257500,218.2,168.90333856314913
1030,257750,280.00000000000006,171.8975146869656
1031,258000,348.59999999999997,170.68403557450827
1032,258250,359.2666666666667,170.7500317227887
1033,258500,397.3333333333333,142.49584789272518
1034,258750,325.4666666666667,158.1708780612495
1035,259000,338.73333333333335,146.62929826985842
1036,259250,293.6,174.42749528417565
1037,259500,379.46666666666664,147.80687098748527
1038,259750,360.4,147.18429867950513
1039,260000,266.33333333333337,191.9944443640666
1040,260250,281.5333333333333,186.89088914242032
1041,260500,281.1333333333333,181.3560770050639
1042,260750,303.6666666666667,175.83982610445352
1043,261000,252.4,203.00305416421696
1044,261250,337.8666666666667,200.12413925139344
1045,261500,365.53333333333336,165.23055945489557
1046,261750,355.4666666666667,184.87744889821235
1047,262000,337.0,133.38732240275976
1048,262250,298.9333333333333,124.2106454553894
1049,262500,326.8666666666667,147.77815204630966
1050,262750,305.66666666666663,166.09220999860958
1051,263000,323.26666666666665,156.43676748840798
1052,263250,360.6,170.7302485729397
1053,263500,428.1333333333334,143.73333333333332
1054,263750,372.0,158.0683396509244
1055,264000,312.93333333333334,195.88992373836442
1056,264250,349.8666666666667,146.1583007868143
1057,264500,253.93333333333334,165.63968928571035
1058,264750,338.8,182.9038120008559
1059,265000,222.06666666666666,160.82929528609588
1060,265250,231.53333333333336,142.09098806359566
1061,265500,242.2666666666667,160.07295558935343
1062,265750,245.4,143.61250332443592
1063,266000,163.4,130.68544082813682
1064,266250,226.53333333333336,224.50583758804825
1065,266500,170.2,171.67897690489397
1066,266750,231.4,135.99598033275348
1067,267000,263.73333333333335,182.13857971946038
1068,267250,403.46666666666664,123.82004863690064
1069,267500,438.4666666666666,123.06666666666665
1070,267750,367.8,161.84788468737483
1071,268000,349.73333333333335,162.65442576893574
1072,268250,229.86666666666665,161.83374184637762
1073,268500,260.8666666666667,199.08475023913252
1074,268750,283.7333333333333,177.51737317169207
1075,269000,328.2,151.54692709227433
1076,269250,402.1333333333333,129.2189528582312
1077,269500,341.80000000000007,144.29054023046695
1078,269750,373.0,156.09968325115562
1079,270000,468.7333333333334,62.53333333333333
1080,270250,500.0,0.0
1081,270500,500.0,0.0
1082,270750,438.7333333333334,122.53333333333335
1083,271000,437.2666666666666,125.46666666666667
1084,271250,384.73333333333335,111.48460780653883
1085,271500,280.6,164.977762811302
1086,271750,221.66666666666669,166.97358407178595
1087,272000,348.2666666666667,167.70362747020909
1088,272250,317.4,168.4292663932779
1089,272500,265.6,194.80832745148356
1090,272750,380.6666666666667,121.24300667117534
1091,273000,352.8,182.10785570949736
1092,273250,376.06666666666666,153.22929803982584
1093,273500,272.2666666666667,196.9702064329076
1094,273750,427.6,144.8
1095,274000,434.9333333333334,130.13333333333335
1096,274250,420.6,97.26536439612568
1097,274500,339.1333333333333,146.85799641528246
1098,274750,369.3333333333333,160.91957963874722
1099,275000,364.66666666666663,170.17951306390165
1100,275250,355.0,166.69386444750884
1101,275500,286.9333333333333,183.25979131034475
1102,275750,300.4666666666667,193.60183653858016
1103,276000,311.6,155.68249741059526
1104,276250,266.1333333333333,175.48923360454654
1105,276500,344.26666666666665,192.3218829636052
1106,276750,322.33333333333337,165.50985200619058
1107,277000,322.26666666666665,218.7793815188666
1108,277250,386.46666666666664,147.08842389679904
1109,277500,337.06666666666666,148.74204367143662
1110,277750,366.8,163.7105304425399
1111,278000,327.19999999999993,176.6357960449819
1112,278250,208.9333333333333,146.91061530362228
1113,278500,271.4,187.92934842647648
1114,278750,241.7333333333333,153.56596845221492
1115,279000,182.06666666666666,166.86686642683475
1116,279250,237.2666666666667,161.38255447503886
1117,279500,277.06666666666666,142.67841073157805
1118,279750,372.7333333333333,156.63750083127178
1119,280000,261.93333333333334,201.72769324567767
1120,280250,210.66666666666666,148.6931217119489
1121,280500,270.2,133.89275974118658
1122,280750,327.5333333333333,146.833329549754
1123,281000,326.6,165.88997692580597
1124,281250,278.93333333333334,180.67692467803164
1125,281500,239.7333333333333,148.83479282599066
1126,281750,285.2,180.6453369942822
1127,282000,344.4666666666667,195.35308205059542
1128,282250,313.2,197.82030004807675
1129,282500,342.06666666666666,157.01866838762268
1130,282750,350.73333333333335,132.3491006559714
1131,283000,354.93333333333334,178.46834764492866
1132,283250,350.53333333333336,183.43883025260612
1133,283500,297.93333333333334,195.24393858851434
1134,283750,353.1333333333333,190.15053685610954
1135,284000,352.8,196.183428907178
1136,284250,375.4,184.45672783730183
1137,284500,364.1333333333333,189.0905250578851
1138,284750,330.6,178.57925722521952
1139,285000,298.66666666666663,184.383055379585
1140,285250,308.6666666666667,187.64221273476818
1141,285500,237.5333333333333,168.9543791152577
1142,285750,325.4,143.41259823785822
1143,286000,326.73333333333335,158.42704595140594
1144,286250,400.66666666666663,153.24330690477518
1145,286500,266.3333333333333,192.05925011713327
1146,286750,357.06666666666666,176.9979786450807
1147,287000,388.33333333333337,155.14867421641446
1148,287250,272.1333333333333,191.6546199112699
1149,287500,183.46666666666664,163.640608923607
1150,287750,279.5333333333333,182.14836443588143
1151,288000,158.20000000000002,180.9036084647168
1152,288250,261.4,197.15514477464473
1153,288500,307.8666666666667,182.55015749103038
1154,288750,345.2666666666667,138.66737179307898
1155,289000,364.8666666666667,166.02752114567565
1156,289250,288.53333333333336,174.97397901783378
1157,289500,418.9333333333334,106.82642203333613
1158,289750,367.1333333333333,116.76445425632654
1159,290000,433.2666666666666,133.46666666666667
1160,290250,500.0,0.0
1161,290500,424.6,150.8
1162,290750,352.99999999999994,183.8424446215956
1163,291000,435.3333333333333,129.33333333333331
1164,291250,483.5333333333333,32.93333333333332
1165,291500,500.0,0.0
1166,291750,487.8666666666666,24.26666666666667
1167,292000,438.9333333333334,121.30171749264997
1168,292250,485.0,30.0
1169,292500,450.0,100.0
1170,292750,500.0,0.0
1171,293000,500.0,0.0
1172,293250,426.9333333333333,146.13333333333335
1173,293500,369.6666666666667,159.8004310938421
1174,293750,401.8666666666667,132.0098649512393
1175,294000,500.0,0.0
1176,294250,429.2666666666667,141.46666666666667
1177,294500,393.80000000000007,146.08788831080798
1178,294750,348.3333333333333,179.95999555456763
1179,295000,405.8,180.99325954300065
1180,295250,345.66666666666663,189.81745616951738
1181,295500,345.7333333333333,189.26740636229766
1182,295750,308.93333333333334,234.14500730198037
1183,296000,264.1333333333333,196.39796332956203
1184,296250,345.8666666666667,189.36649944251255
1185,296500,319.0,144.26333945639522
1186,296750,301.2666666666667,123.73994235223053
1187,297000,302.4,145.65093736586647
1188,297250,357.66666666666663,175.34017730622315
1189,297500,280.9333333333333,180.19525212637788
1190,297750,382.1333333333333,149.20747672657396
1191,298000,494.9333333333334,10.133333333333328
1192,298250,364.9333333333333,165.6060116997904
1193,298500,356.73333333333335,124.43907924942408
1194,298750,280.0666666666667,180.61234115579637
1195,299000,343.59999999999997,157.97347175325916
1196,299250,385.8,151.4457145133016
1197,299500,315.6,161.4117440309444
1198,299750,199.6,56.835591352993276
1199,300000,332.2666666666667,148.7205283595898
1200,300250,272.1333333333333,186.21488184949726
1201,300500,253.0,204.71052733066756
1202,300750,237.13333333333335,216.1124810010853
1203,301000,234.2,218.42014559101457
1204,301250,245.19999999999996,208.7606391167752
1205,301500,238.8,215.55639633283906
1206,301750,312.2,204.90361961989188
1207,302000,259.8666666666667,185.40725144634686
1208,302250,254.26666666666665,132.32911832078213
1209,302500,282.1333333333333,178.53447846284482
1210,302750,281.4,182.4069199467072
1211,303000,315.1333333333333,176.75917075061324
1212,303250,180.8,166.36086612475236
1213,303500,181.2,165.5743673130328
1214,303750,293.3333333333333,170.37383732382284
1215,304000,303.2,166.73993056387076
1216,304250,357.0,175.37844793474483
1217,304500,437.2,125.6
1218,304750,448.0666666666666,103.86666666666666
1219,305000,441.5333333333334,116.93333333333334
1220,305250,387.73333333333335,137.50061009965657
1221,305500,434.7333333333334,130.53333333333333
1222,305750,304.8,184.05960387270687
1223,306000,217.7333333333333,151.14958007072187
1224,306250,419.9333333333334,135.20065746059737
1225,306500,309.33333333333337,156.64127453799938
1226,306750,228.1333333333333,150.94054753077083
1227,307000,306.3333333333333,131.01772568795585
1228,307250,259.4666666666667,111.79695881373517
1229,307500,305.06666666666666,122.42646772655004
1230,307750,290.66666666666663,133.53002159314835
1231,308000,361.06666666666666,170.16846554713558
1232,308250,418.5333333333333,132.56253870029295
1233,308500,372.8,157.17938796165353
1234,308750,327.33333333333337,160.66403870603196
1235,309000,347.1333333333333,187.49027826648626
1236,309250,259.0,198.48022571530896
1237,309500,286.4666666666666,174.35131838395208
1238,309750,249.93333333333334,171.45202114747892
1239,310000,281.1333333333333,179.8084907153534
1240,310250,269.3333333333333,145.03103116229988
1241,310500,288.6666666666667,172.68494111788928
1242,310750,258.6,199.37908059216687
1243,311000,221.0,161.93922042269784
1244,311250,272.4,157.62379966940975
1245,311500,307.26666666666665,148.93345270063853
1246,311750,285.2,177.7112014227328
1247,312000,264.4666666666667,193.28201617785805
1248,312250,278.19999999999993,182.70067809884497
1249,312500,284.8666666666667,176.6126458288496
1250,312750,279.73333333333335,180.50932878324537
1251,313000,276.53333333333336,189.07747970959772
1252,313250,237.0,145.038232507463
1253,313500,233.0666666666667,136.8638252668201
1254,313750,297.53333333333336,158.54807893296385
1255,314000,331.4,143.57659976472488
1256,314250,440.5333333333334,75.64789781906993
1257,314500,410.8666666666666,118.3230230250131
1258,314750,364.8,165.58550661214284
1259,315000,285.8,155.31782469075034
1260,315250,379.4,149.36940040643458
1261,315500,370.9333333333333,158.38397786532715
1262,315750,352.53333333333336,129.5566113926864
1263,316000,434.6,130.80000000000004
1264,316250,443.6,112.8
1265,316500,373.73333333333335,115.68989200060267
1266,316750,365.73333333333335,132.9603783922948
1267,317000,317.7333333333333,152.66133906279103
1268,317250,270.80000000000007,137.8852340817456
1269,317500,406.8,145.76397969929943
1270,317750,349.0,167.9521095762453
1271,318000,372.19999999999993,163.34470708698626
1272,318250,394.9333333333333,154.78018822403166
1273,318500,354.8,135.80927803357176
1274,318750,283.33333333333337,182.93982009879036
1275,319000,255.46666666666664,148.97943183913378
1276,319250,270.4,197.06100578247336
1277,319500,113.73333333333335,62.05352528261387
1278,319750,190.99999999999997,86.59586851833316
1279,320000,222.4,146.07705729055016
1280,320250,305.53333333333336,160.4520835362106
1281,320500,315.3333333333333,151.68197724918483
1282,320750,285.4,108.39626889847783
1283,321000,256.0,92.35775850222629
1284,321250,231.9333333333333,134.47633414264553
1285,321500,159.26666666666665,37.22687201471539
1286,321750,173.86666666666665,89.54269000501009
1287,322000,194.93333333333334,161.18331868472688
1288,322250,228.46666666666664,136.18803993824943
1289,322500,234.66666666666666,133.8914983609241
1290,322750,257.8,106.3550865941279
1291,323000,229.06666666666666,146.4306282472656
1292,323250,313.06666666666666,183.349017510927
1293,323500,256.3333333333333,159.40347131310116
1294,323750,246.33333333333334,66.85672907211527
1295,324000,298.7333333333333,106.73464500547347
1296,324250,260.46666666666664,123.39450735119631
1297,324500,326.2,103.84381434528383
1298,324750,172.4,75.5011111029353
1299,325000,265.46666666666664,143.270156619506
1300,325250,337.73333333333335,145.97129093687494
1301,325500,246.80000000000004,190.29574643462504
1302,325750,367.93333333333334,163.12972343097582
1303,326000,353.6,139.94846670590334
1304,326250,226.66666666666666,73.99129077878767
1305,326500,277.6666666666667,132.0313094181326
1306,326750,202.26666666666668,45.38888752889975
1307,327000,303.93333333333334,160.12014933237546
1308,327250,380.0,105.94170304674381
1309,327500,299.4,167.1630474849165
1310,327750,209.1333333333333,154.9037837569574
1311,328000,303.00000000000006,181.6116736336076
1312,328250,302.2,162.95079011775303
1313,328500,352.00000000000006,159.24251247006177
1314,328750,324.8666666666667,154.7886874993705
1315,329000,320.93333333333334,119.82939724643718
1316,329250,403.73333333333335,130.19889059093825
1317,329500,346.9333333333333,110.98536440049702
1318,329750,334.8666666666667,170.19173501279863
1319,330000,286.93333333333334,123.13865716698751
1320,330250,189.53333333333336,131.66702109656936
1321,330500,172.86666666666667,130.15300397779703
1322,330750,357.0666666666667,131.17492985407776
1323,331000,310.8666666666667,168.4040907394407
1324,331250,205.9333333333333,150.7945474994224
1325,331500,256.2,161.65747052882455
1326,331750,343.0,143.72071682413932
1327,332000,418.2,67.09846827196911
1328,332250,322.26666666666665,137.2027534547159
1329,332500,370.0666666666667,173.6356850163903
1330,332750,353.06666666666666,182.15968574608135
1331,333000,342.8666666666667,195.97251507970873
1332,333250,399.33333333333337,139.5413120827584
1333,333500,360.2,171.2738677608986
1334,333750,378.4,152.6428511264121
1335,334000,342.2666666666667,145.8898214407023
1336,334250,382.73333333333335,158.99187959697116
1337,334500,416.0,168.0
1338,334750,436.33333333333337,127.33333333333333
1339,335000,398.73333333333335,98.0014512364202
1340,335250,462.9333333333334,74.13333333333333
1341,335500,350.06666666666666,185.04923068680336
1342,335750,421.2666666666666,96.44904238911747
1343,336000,395.06666666666666,133.5340822079184
1344,336250,397.93333333333334,127.43632832821957
1345,336500,369.6,159.988249568523
1346,336750,385.73333333333335,142.7702739057088
1347,337000,323.8666666666667,182.36795527479907
1348,337250,366.8,163.18014585114207
1349,337500,408.3333333333333,122.25001704158026
1350,337750,408.0666666666667,122.55001699986283
1351,338000,347.4,191.99541661195977
1352,338250,434.8666666666666,130.26666666666668
1353,338500,392.33333333333337,135.87804989932863
1354,338750,358.6,176.95603973868765
1355,339000,346.8666666666667,193.95550463386644
1356,339250,356.06666666666666,177.11696072871672
1357,339500,337.6,151.39431957639624
1358,339750,338.66666666666663,159.44250095602212
1359,340000,469.6666666666667,60.66666666666667
1360,340250,401.2,132.15354705795832
1361,340500,423.33333333333337,153.33333333333331
1362,340750,386.66666666666663,146.14893469030525
1363,341000,429.0,142.0
1364,341250,431.9333333333334,98.45888030599937
1365,341500,422.7333333333334,98.60908229524861
1366,341750,487.4,18.62900963551203
1367,342000,373.73333333333335,188.10746337606537
1368,342250,344.73333333333335,195.3194989412646
1369,342500,266.6,142.446309573506
1370,342750,200.8666666666667,76.10507356426524
1371,343000,292.93333333333334,169.8484814964993
1372,343250,366.06666666666666,164.1520162667655
1373,343500,354.6,140.68979272775186
1374,343750,303.1333333333333,174.09838853041944
1375,344000,291.1333333333333,178.97840962281208
1376,344250,352.1333333333333,177.4899809378922
1377,344500,375.4,147.4707353266328
1378,344750,379.8666666666667,149.5488920424057
1379,345000,412.8,99.37909460467249
1380,345250,385.80000000000007,140.3369912429047
1381,345500,375.2666666666667,153.10829863567523
1382,345750,278.7333333333333,151.35042487918926
1383,346000,351.1333333333333,123.40279125242219
1384,346250,372.9333333333333,140.05306930668183
1385,346500,338.26666666666665,107.32347780839423
1386,346750,379.93333333333334,154.6095296761059
1387,347000,380.7333333333333,153.61255735706564
1388,347250,295.2,181.26832167933935
1389,347500,276.8,204.4506569104416
1390,347750,355.33333333333337,141.10925633076738
1391,348000,374.6,127.73469031986225
1392,348250,446.6666666666667,68.01960501698511
1393,348500,433.9333333333334,132.13333333333335
1394,348750,417.6,102.30464310088766
1395,349000,348.8,193.18322908575684
1396,349250,349.20000000000005,168.25398790056786
1397,349500,351.80000000000007,188.4556652843787
1398,349750,440.33333333333337,116.68495094817402
1399,350000,381.26666666666665,123.03755524229177
1400,350250,451.4,57.91042892068558
1401,350500,443.2,97.7892518520199
1402,350750,446.33333333333337,107.33333333333334
1403,351000,446.0666666666666,107.86666666666667
1404,351250,486.1333333333334,27.733333333333324
1405,351500,475.5333333333334,48.93333333333333
1406,351750,425.6,121.46867909053759
1407,352000,347.8,198.92864158899906
1408,352250,345.3333333333333,131.33722498464275
1409,352500,338.0,150.0459188974421
1410,352750,433.66666666666663,132.66666666666663
1411,353000,466.2,49.015915782529255
1412,353250,455.4,89.2
1413,353500,437.2666666666666,125.46666666666667
1414,353750,459.8,80.4
1415,354000,380.8666666666667,109.49654484655365
1416,354250,426.2666666666667,93.78116370927941
1417,354500,359.19999999999993,167.72366161834967
1418,354750,329.2,153.74807677207252
1419,355000,349.8666666666667,189.7377839721616
1420,355250,409.33333333333337,181.33333333333331
1421,355500,429.7333333333334,140.53333333333333
1422,355750,361.6,169.76996200741758
1423,356000,346.8666666666667,183.04020202009053
1424,356250,279.66666666666663,190.7193400436009
1425,356500,346.46666666666664,193.54902910287785
1426,356750,286.1333333333333,192.48706738664578
1427,357000,300.2,163.63436205285382
1428,357250,282.4,210.76215135655747
1429,357500,352.4,156.60188731656814
1430,357750,384.6666666666667,174.50004775548533
1431,358000,394.4666666666667,151.01929236579898
1432,358250,419.0666666666666,161.86666666666667
1433,358500,469.1333333333334,61.73333333333333
1434,358750,367.53333333333336,130.72304906004737
1435,359000,421.1333333333333,110.59507724628213
1436,359250,344.2,198.38700674299324
1437,359500,431.9333333333334,83.96358999259408
1438,359750,477.0666666666667,45.866666666666674
1439,360000,413.8,172.4
1440,360250,409.0,182.0
1441,360500,456.6666666666667,86.66666666666667
1442,360750,441.3333333333333,117.33333333333334
1443,361000,409.4,181.20000000000002
1444,361250,443.1333333333334,113.73333333333335
1445,361500,451.1333333333334,97.73333333333333
1446,361750,316.0,225.36972092788133
1447,362000,254.8666666666667,206.48439273815453
1448,362250,438.4666666666666,123.06666666666665
1449,362500,457.9333333333334,84.13333333333334
1450,362750,418.7333333333334,109.76224811432715
1451,363000,425.6666666666667,108.90485143769615
1452,363250,381.2,180.2903337521023
1453,363500,389.53333333333336,186.00807628822048
1454,363750,364.5333333333333,167.1419356913957
1455,364000,455.0,90.0
1456,364250,436.5333333333333,126.93333333333334
1457,364500,500.0,0.0
1458,364750,407.93333333333334,182.9688983892557
1459,365000,500.0,0.0
1460,365250,409.4666666666667,181.0666666666667
1461,365500,385.2666666666667,175.03909404600006
1462,365750,320.33333333333337,181.10819356886583
1463,366000,383.6,137.3633300573499
1464,366250,402.2,135.99732023503665
1465,366500,357.1333333333333,174.98667885807131
1466,366750,360.06666666666666,171.75336322115436
1467,367000,355.0,189.56136502755805
1468,367250,403.4,193.20000000000002
1469,367500,397.2666666666667,133.07181018783305
1470,367750,489.33333333333337,21.333333333333325
1471,368000,423.1333333333333,144.58086549286756
1472,368250,429.4666666666667,89.49875231905004
1473,368500,466.0666666666666,67.86666666666667
1474,368750,438.33333333333337,75.78155741632949
1475,369000,372.7333333333333,179.41935978780737
1476,369250,295.8,175.31021393835303
1477,369500,308.9333333333333,157.90283932427138
1478,369750,301.4,192.30501235739482
1479,370000,349.0,114.01598328499581
1480,370250,350.8,191.58120993458624
1481,370500,408.53333333333336,75.45023378212805
1482,370750,433.5333333333334,132.93333333333334
1483,371000,404.0,123.87538541256333
1484,371250,366.6,119.52022608932951
1485,371500,283.73333333333335,192.5807651638946
1486,371750,289.7333333333333,175.04988495346757
1487,372000,304.6666666666667,185.65918596539558
1488,372250,361.8666666666667,123.2919930715517
1489,372500,410.9333333333334,117.56764483101256
1490,372750,405.2,164.23744328799626
1491,373000,371.7333333333333,190.00764896884195
1492,373250,441.33333333333337,71.8566474153768
1493,373500,500.0,0.0
1494,373750,447.3333333333333,105.33333333333333
1495,374000,500.0,0.0
1496,374250,454.6,90.8
1497,374500,390.66666666666663,106.4595906644603
1498,374750,436.5333333333333,78.3072580714372
1499,375000,500.0,0.0
1500,375250,378.53333333333336,151.46361499273237
1501,375500,352.6666666666667,142.47760057871085
1502,375750,409.66666666666663,117.627283305268
1503,376000,470.0,60.0
1504,376250,311.5333333333333,230.8680816204594
1505,376500,317.7333333333333,223.24011985104988
1506,376750,408.4666666666667,183.0666666666667
1507,377000,472.2666666666666,55.466666666666676
1508,377250,493.0666666666666,13.866666666666674
1509,377500,500.0,0.0
1510,377750,500.0,0.0
1511,378000,476.9333333333334,46.133333333333326
1512,378250,451.8,63.00955835779556
1513,378500,448.33333333333337,103.33333333333333
1514,378750,455.6,56.630733705294695
1515,379000,424.33333333333337,138.22943889699394
1516,379250,449.6,63.98972139683408
1517,379500,359.2,172.44729951817484
1518,379750,399.73333333333335,142.29599822592033
1519,380000,355.7333333333333,176.69036319065182
1520,380250,285.9333333333333,178.9694449402529
1521,380500,359.8,185.88426506834838
1522,380750,212.9333333333333,179.3662175550346
1523,381000,332.6,171.48403229844266
1524,381250,307.73333333333335,148.82269838823495
1525,381500,377.46666666666664,102.55526423456878
1526,381750,279.8666666666667,166.82520459717378
1527,382000,279.6666666666667,127.75827870544349
1528,382250,228.73333333333335,137.1530207874078
1529,382500,367.26666666666665,162.56723737170003
1530,382750,405.1333333333333,128.33317748908286
1531,383000,360.0,131.61678379970306
1532,383250,342.53333333333336,142.69199152175446
1533,383500,194.86666666666667,170.69655988201856
1534,383750,324.1333333333333,133.18134670858043
1535,384000,316.8666666666667,167.86682552282662
1536,384250,319.73333333333335,164.0885126997012
1537,384500,257.0666666666667,200.95885703850485
1538,384750,396.7333333333333,138.56444950515507
1539,385000,425.33333333333337,149.33333333333334
1540,385250,447.7333333333334,104.53333333333335
1541,385500,408.8,121.10557377759292
1542,385750,326.2666666666666,174.69534115774874
1543,386000,292.26666666666665,203.35425029025362
1544,386250,453.0666666666667,93.86666666666667
1545,386500,383.8666666666667,166.1102177605112
1546,386750,351.8666666666667,180.393840742354
1547,387000,370.93333333333334,190.3474483966389
1548,387250,371.46666666666664,188.75187710619227
1549,387500,345.73333333333335,174.43985273503938
1550,387750,342.6666666666667,200.3374930239248
1551,388000,403.53333333333336,192.93333333333334
1552,388250,348.7333333333333,193.59481168438145
1553,388500,287.4,203.24964397946133
1554,388750,267.6,197.1159162636149
1555,389000,249.19999999999996,208.73732562987175
1556,389250,363.80000000000007,168.70191989950135
1557,389500,320.8,170.53492310960826
1558,389750,389.1333333333333,186.2203712451102
1559,390000,407.53333333333336,184.9333333333333
1560,390250,409.33333333333337,181.33333333333331
1561,390500,321.8,219.55729194095204
1562,390750,404.33333333333337,191.33333333333331
1563,391000,316.8,224.38999779649518
1564,391250,376.6666666666667,115.83148679583341
1565,391500,409.1333333333333,181.73333333333332
1566,391750,500.0,0.0
1567,392000,382.6,180.87299411465494
1568,392250,376.9333333333333,181.54367702199565
1569,392500,500.0,0.0
1570,392750,368.4,127.422202844629
1571,393000,410.66666666666663,116.51227879975187
1572,393250,450.4666666666666,65.21404075129152
1573,393500,385.9333333333333,122.35511159462581
1574,393750,455.8,60.06944129736665
1575,394000,435.2,129.60000000000002
1576,394250,355.73333333333335,102.10156163785591
1577,394500,402.0,123.02104607658714
1578,394750,425.8666666666667,148.26666666666665
1579,395000,398.9333333333333,142.19898421265574
1580,395250,330.06666666666666,142.83796569695483
1581,395500,404.4666666666667,191.0666666666667
1582,395750,284.79999999999995,121.39862712018892
1583,396000,444.4666666666667,111.06666666666666
1584,396250,413.5333333333333,113.94571807078434
1585,396500,386.9333333333333,159.0392544136335
1586,396750,500.0,0.0
1587,397000,469.8,60.400000000000006
1588,397250,411.3333333333333,177.33333333333331
1589,397500,411.3333333333333,177.33333333333331
1590,397750,394.4,167.24797291580083
1591,398000,386.5333333333333,165.0056699362513
1592,398250,409.4666666666667,117.89347357301467
1593,398500,389.93333333333334,175.1571231145847
1594,398750,231.53333333333336,220.90436341950738
1595,399000,312.5333333333333,229.79474899715763
1596,399250,363.5333333333333,173.36840670792486
1597,399500,307.8666666666667,235.3257411428772
1598,399750,348.1333333333333,196.59282229465492
1599,400000,392.8,188.4121487000713
1600,400250,352.1333333333333,191.96441799921612
1601,400500,295.93333333333334,181.99418794138575
1602,400750,240.4666666666667,168.04914625060002
1603,401000,297.33333333333337,174.6916012736604
1604,401250,319.59999999999997,150.6577283484359
1605,401500,418.6,162.8
1606,401750,383.6,142.59085212983024
1607,402000,355.46666666666664,157.09213149543098
1608,402250,322.5333333333333,148.15511391031285
1609,402500,206.4666666666667,180.6860506206522
1610,402750,332.06666666666666,205.76949347375194
1611,403000,324.8,214.81377981870716
1612,403250,374.26666666666665,170.39371402072842
1613,403500,411.2,115.04928412544677
1614,403750,407.5333333333333,125.2247046978617
1615,404000,399.1333333333333,139.70852197024746
1616,404250,395.26666666666665,142.96952278176087
1617,404500,347.66666666666663,186.87298122283786
1618,404750,429.7333333333334,140.53333333333333
1619,405000,288.79999999999995,202.645349756114
1620,405250,326.4,177.97270702117345
1621,405500,351.8666666666667,190.20849379328757
1622,405750,500.0,0.0
1623,406000,376.73333333333335,181.10407075613855
1624,406250,283.4,210.7428554212719
1625,406500,309.6,185.21163870316335
1626,406750,392.4,149.7135635509058
1627,407000,387.53333333333336,156.6109972014879
1628,407250,445.4,109.2
1629,407500,407.8666666666667,122.65083231134905
1630,407750,357.33333333333337,147.5914782243353
1631,408000,379.7333333333333,149.8239559542391
1632,408250,452.6,94.8
1633,408500,427.2,145.6
1634,408750,373.9333333333333,182.04863818954172
1635,409000,418.9333333333334,162.13333333333333
1636,409250,375.26666666666665,153.05429682886324
1637,409500,302.20000000000005,167.28798854404076
1638,409750,300.1333333333333,175.85178102279457
1639,410000,469.0,62.0
1640,410250,435.1333333333333,129.73333333333335
1641,410500,349.20000000000005,192.47459861267697
1642,410750,289.59999999999997,217.70044658760912
1643,411000,319.93333333333334,222.0182575075002
1644,411250,291.93333333333334,213.31212394569192
1645,411500,358.5333333333333,183.87152519565876
1646,411750,359.8666666666667,122.01085561903453
1647,412000,397.8666666666667,150.3875881403338
1648,412250,499.0666666666666,1.8666666666666742
1649,412500,472.5333333333334,54.93333333333332
1650,412750,411.66666666666663,176.66666666666669
1651,413000,468.8666666666666,62.26666666666668
1652,413250,494.8,10.4
1653,413500,445.8,108.4
1654,413750,359.93333333333334,133.737121913767
1655,414000,367.8,178.32723977128242
1656,414250,235.26666666666665,85.12615474824538
1657,414500,242.66666666666666,133.5962407987424
1658,414750,332.59999999999997,160.3521679858984
1659,415000,211.33333333333331,153.7208147548304
1660,415250,376.4,184.70413578958588
1661,415500,244.53333333333336,210.76312137879657
1662,415750,283.93333333333334,206.80558771733203
1663,416000,416.9333333333333,158.90156282008894
1664,416250,436.0666666666667,92.04404742658085
1665,416500,320.9333333333333,171.52679091034148
1666,416750,437.0,126.0
1667,417000,435.4666666666666,129.06666666666666
1668,417250,368.4666666666667,118.67895067506004
1669,417500,408.6,123.41590029021562
1670,417750,419.6,104.36291380455884
1671,418000,401.53333333333336,61.050652922161476
1672,418250,441.1333333333334,59.78353545175386
1673,418500,384.6,128.79327104576024
1674,418750,377.1333333333333,173.87832271767263
1675,419000,309.4666666666667,156.84523157133808
1676,419250,347.66666666666663,162.93611563363655
1677,419500,355.8,180.44212368513067
1678,419750,407.93333333333334,184.13333333333333
1679,420000,449.6,61.75629522566909
1680,420250,412.0666666666667,74.26241759239102
1681,420500,398.0,115.15921345877821
1682,420750,435.2666666666666,82.34248262254694
1683,421000,386.8666666666667,120.60617268153769
1684,421250,315.66666666666663,119.43254721110713
1685,421500,446.2,107.6
1686,421750,375.93333333333334,130.66469386265834
1687,422000,360.66666666666663,184.12544033288225
1688,422250,335.0666666666667,144.53594708583745
1689,422500,283.93333333333334,142.04465651493
1690,422750,343.0,192.28497370078378
1691,423000,250.8666666666667,185.36661571659073
1692,423250,314.6,227.14717695802426
1693,423500,442.7333333333333,114.53333333333335
1694,423750,436.8666666666666,77.39124268574867
1695,424000,401.8666666666667,189.5072675240832
1696,424250,301.6666666666667,191.57986440240646
1697,424500,317.2666666666667,223.843437349511
1698,424750,295.66666666666663,194.82573409759468
1699,425000,379.1333333333333,164.6147826492708
1700,425250,455.3333333333333,58.01034390520367
1701,425500,432.9333333333333,111.26373073817801
1702,425750,450.8666666666666,98.26666666666667
1703,426000,408.46666666666664,183.06666666666666
1704,426250,320.33333333333337,174.88637581139488
1705,426500,413.66666666666663,126.62876625966331
1706,426750,366.33333333333337,119.66545960394009
1707,427000,432.1333333333334,117.95622540210039
1708,427250,457.7333333333334,84.53333333333333
1709,427500,276.8666666666667,193.24568127990165
1710,427750,169.33333333333334,104.79270542891386
1711,428000,249.6,165.083870939727
1712,428250,336.6,139.0543299098114
1713,428500,467.33333333333337,65.33333333333333
1714,428750,500.0,0.0
1715,429000,500.0,0.0
1716,429250,360.0666666666667,105.69461249804131
1717,429500,446.4,107.2
1718,429750,235.6,176.817595906692
1719,430000,231.06666666666666,184.2097114100605
1720,430250,310.73333333333335,184.9615455529428
1721,430500,327.4,130.99642064660478
1722,430750,406.4666666666667,110.83152379475194
1723,431000,354.66666666666663,136.78157770694122
1724,431250,489.4,21.200000000000003
1725,431500,456.1333333333334,87.73333333333333
1726,431750,336.6,139.2488420059571
1727,432000,428.2,143.6
1728,432250,420.8666666666667,138.0768867937957
1729,432500,423.4,117.61753459601354
1730,432750,254.6,140.50486745226223
1731,433000,293.0,122.26346778803371
1732,433250,349.1333333333333,137.96643714243612
1733,433500,287.06666666666666,222.45912483470354
1734,433750,378.6,122.53260790499809
1735,434000,344.6666666666667,195.37496712162942
1736,434250,162.6,178.92834071524584
1737,434500,328.4,210.85881532437764
1738,434750,334.6,205.59143951050103
1739,435000,345.66666666666663,164.21273465301715
1740,435250,417.9333333333334,106.18859532820734
1741,435500,391.9333333333333,152.10031777306276
1742,435750,389.9333333333333,151.4561029180109
1743,436000,344.33333333333337,192.12148934116314
1744,436250,333.4666666666667,204.7100496908846
1745,436500,337.1333333333333,153.0837969508494
1746,436750,259.8666666666667,198.4412143571883
1747,437000,374.6666666666667,153.50150198324155
1748,437250,466.0666666666666,67.86666666666666
1749,437500,300.3333333333333,174.20179868952752
1750,437750,293.93333333333334,112.71584725415597
1751,438000,196.53333333333336,150.85351246232958
1752,438250,292.53333333333336,189.5722201871009
1753,438500,405.6,116.05791657616467
1754,438750,409.4666666666667,99.87605652340638
1755,439000,246.1333333333333,134.84041596560647
1756,439250,292.1333333333333,187.28144002484007
1757,439500,241.86666666666665,212.6000522629809
1758,439750,332.53333333333336,115.58404349697717
1759,440000,288.5333333333333,112.96048473298578
1760,440250,282.8,190.7702049878626
1761,440500,296.8666666666667,199.3107679535208
1762,440750,339.0666666666667,175.93172918303662
1763,441000,354.06666666666666,193.97186508471904
1764,441250,353.0666666666667,194.6559814419046
1765,441500,307.06666666666666,236.3076525774539
1766,441750,296.0,207.88501095023128
1767,442000,367.53333333333336,128.86989132023388
1768,442250,448.4666666666666,103.06666666666666
1769,442500,446.4,66.24077294235025
1770,442750,445.9333333333334,52.34942427784876
1771,443000,492.7333333333334,14.533333333333326
1772,443250,449.2666666666666,101.46666666666667
1773,443500,465.1333333333333,52.94928391080155
1774,443750,356.59999999999997,185.79276388253422
1775,444000,330.06666666666666,165.13595745459088
1776,444250,297.8666666666667,177.65292004355007
1777,444500,313.66666666666663,148.36336774584515
1778,444750,333.1333333333333,170.87274017037748
1779,445000,382.93333333333334,120.75234527283058
1780,445250,301.20000000000005,123.41485593990161
1781,445500,390.73333333333335,137.11186025367107
1782,445750,303.8,177.492359772971
1783,446000,296.0666666666667,123.88550269413196
1784,446250,223.5333333333333,149.50579327311107
1785,446500,279.26666666666665,134.49930193953506
1786,446750,340.2,140.38860352606974
1787,447000,385.4,141.02488354108922
1788,447250,308.6666666666667,164.32447575858362
1789,447500,426.8,140.31466225752905
1790,447750,481.2,37.6
1791,448000,376.1333333333333,136.95118351685272
1792,448250,441.0,118.0
1793,448500,447.5333333333334,104.93333333333334
1794,448750,460.7333333333334,78.53333333333333
1795,449000,458.8666666666666,71.77421387781115
1796,449250,462.6,62.4714690434317
1797,449500,409.6,115.9897313462609
1798,449750,396.9333333333333,137.87053508434803
1799,450000,348.20000000000005,143.29481653027247
1800,450250,435.9333333333334,127.13569303875464
1801,450500,432.4,135.20000000000002
1802,450750,361.93333333333334,171.52756824098762
1803,451000,262.4,195.95582268573813
1804,451250,311.5333333333333,171.36440703950166
1805,451500,252.2,207.84626797494127
1806,451750,172.73333333333335,171.1349564914583
1807,452000,236.2666666666667,165.07431323161362
1808,452250,264.3333333333333,199.40199486353077
1809,452500,329.8,210.39978876204015
1810,452750,383.8666666666667,174.80256799537523
1811,453000,379.5333333333333,174.89776061078277
1812,453250,375.2,163.02945882399428
1813,453500,428.6666666666667,133.2106101880277
1814,453750,392.1333333333333,163.63273239517548
1815,454000,434.1333333333334,104.1171562338418
1816,454250,474.0666666666666,51.866666666666674
1817,454500,430.7333333333333,99.92850777764404
1818,454750,340.8,148.89468313766838
1819,455000,368.4,131.01847198009904
1820,455250,308.93333333333334,163.2521430861544
1821,455500,318.46666666666664,178.90091608982266
1822,455750,346.8666666666667,192.8745821627216
1823,456000,349.1333333333333,189.40627702844955
1824,456250,397.0,131.70235803170385
1825,456500,438.8666666666666,120.4417055859159
1826,456750,332.79999999999995,155.3500134105777
1827,457000,345.80000000000007,129.33635735296295
1828,457250,410.1333333333334,110.22191756230296
1829,457500,356.66666666666663,140.46953010845053
1830,457750,339.0,135.57203907066446
1831,458000,322.6,124.93009600928387
1832,458250,423.5333333333333,126.09372175753505
1833,458500,390.8666666666667,133.7961301549654
1834,458750,374.46666666666664,121.60730972181639
1835,459000,408.66666666666663,109.26929018611668
1836,459250,344.4666666666667,194.9410851171878
1837,459500,253.33333333333331,207.27641233654907
1838,459750,337.33333333333337,121.37453512898732
1839,460000,315.66666666666663,150.52087341406616
1840,460250,366.4,164.69816163043362
1841,460500,440.0666666666666,119.86666666666666
1842,460750,402.99999999999994,96.24898267860635
1843,461000,338.8,133.6478956063282
1844,461250,394.46666666666664,129.7610795954541
1845,461500,280.1333333333333,159.99202757915435
1846,461750,244.5333333333333,216.9342552735992
1847,462000,174.06666666666666,180.5744414054461
1848,462250,239.6,193.34096536660016
1849,462500,370.9333333333333,190.11287875014324
1850,462750,371.0,128.69188008573033
1851,463000,361.2,116.32093534699591
1852,463250,348.0,183.198253266782
1853,463500,313.66666666666663,158.98287818364452
1854,463750,338.33333333333337,200.80017706942172
1855,464000,429.5333333333333,140.93333333333337
1856,464250,385.73333333333335,157.31545096115357
1857,464500,309.9333333333333,157.3843702532116
1858,464750,315.8666666666667,149.87129292978176
1859,465000,394.33333333333337,129.45080575690176
1860,465250,425.6,148.8
1861,465500,344.1333333333333,192.91455794383862
1862,465750,326.3333333333333,213.26102941387737
1863,466000,356.8,181.46644624037557
1864,466250,332.4,205.27416896542158
1865,466500,318.2,221.17791732248295
1866,466750,337.0666666666667,202.85730069298577
1867,467000,412.6,82.40884526419345
1868,467250,448.1333333333334,103.73333333333333
1869,467500,367.5333333333333,158.633553967767
1870,467750,414.9333333333334,107.31271023405279
1871,468000,428.8,137.7807598243593
1872,468250,491.2,17.6
1873,468500,464.5333333333334,60.09718055875092
1874,468750,500.0,0.0
1875,469000,500.0,0.0
1876,469250,462.4666666666666,75.06666666666666
1877,469500,500.0,0.0
1878,469750,443.1333333333334,113.73333333333335
1879,470000,398.26666666666665,98.30347569304624
1880,470250,388.6,139.84219677908382
1881,470500,343.8,165.29711968990196
1882,470750,383.06666666666666,148.4291675439089
1883,471000,469.8666666666666,49.71456303516886
1884,471250,437.7333333333334,124.53333333333333
1885,471500,314.73333333333335,98.96764903520521
1886,471750,437.6,68.30500225703338
1887,472000,409.4,110.96233595234015
1888,472250,284.4,161.4612991125462
1889,472500,320.4,153.52269466687255
1890,472750,401.6,176.08929552928538
1891,473000,390.4,142.7434995601084
1892,473250,360.2666666666667,137.9557739116256
1893,473500,350.93333333333334,158.5231003145388
1894,473750,336.6,200.25543688000084
1895,474000,473.1333333333334,53.73333333333332
1896,474250,352.73333333333335,188.9463651116075
1897,474500,314.6666666666667,174.98266580816895
1898,474750,284.53333333333336,160.5811113840396
1899,475000,267.4666666666667,139.2496718527951
1900,475250,321.80000000000007,90.36975895360867
1901,475500,361.73333333333335,121.58534268387598
1902,475750,345.1333333333333,130.64074572829276
1903,476000,500.0,0.0
1904,476250,390.7333333333333,134.76702531076032
1905,476500,398.1333333333333,121.00405870144282
1906,476750,418.7333333333333,91.71099534225255
1907,477000,407.93333333333334,81.85526522126995
1908,477250,363.26666666666665,114.46540476881601
1909,477500,403.06666666666666,126.68533195809741
1910,477750,353.4,153.11874839846072
1911,478000,329.4,157.67313587855662
1912,478250,329.46666666666664,158.78519382416542
1913,478500,355.46666666666664,144.07599846377374
1914,478750,301.5333333333333,173.90362592859043
1915,479000,313.8,188.39858456651598
1916,479250,324.4,145.8410702709555
1917,479500,315.2,168.32436939829398
1918,479750,395.2666666666667,129.20412790103367
1919,480000,384.6,144.3628761143252
1920,480250,276.8666666666667,186.42217321624236
1921,480500,299.7333333333333,169.98867936163018
1922,480750,383.93333333333334,157.21243942866323
1923,481000,407.73333333333335,136.35939441213594
1924,481250,419.0666666666666,123.57083438704747
1925,481500,417.4666666666667,113.50978420872411
1926,481750,381.4,125.83417659761596
1927,482000,399.8,82.78260686883448
1928,482250,337.8666666666667,104.88948681562154
1929,482500,349.4,141.9628120318839
1930,482750,251.26666666666665,156.2168578184399
1931,483000,285.2,213.9954932028035
1932,483250,351.4666666666667,147.188405340457
1933,483500,310.2666666666667,142.34690021212265
1934,483750,325.8666666666667,163.41543514749287
1935,484000,362.6,123.92011763856407
1936,484250,297.7333333333333,179.45217871189092
1937,484500,352.33333333333337,191.90900621561948
1938,484750,300.6,177.45314248493256
1939,485000,329.7333333333333,160.92653948653438
1940,485250,297.0,179.1451304886007
1941,485500,358.33333333333337,136.6351183098824
1942,485750,314.8,94.6522524237479
1943,486000,374.66666666666663,158.22403244907028
1944,486250,323.8666666666667,148.89826504473896
1945,486500,303.1333333333333,109.56146930173743
1946,486750,337.6,116.4667620682685
1947,487000,327.1333333333333,211.83532388259624
1948,487250,352.46666666666664,182.64812557969978
1949,487500,367.0,187.60786526985245
1950,487750,205.93333333333334,137.39988678630303
1951,488000,240.8,160.01674912333394
1952,488250,349.4,119.73106902090572
1953,488500,384.8666666666667,101.82023374555767
1954,488750,359.4666666666667,119.21793302836429
1955,489000,384.73333333333335,122.8101334943045
1956,489250,390.6666666666667,134.1707038730057
1957,489500,323.2,147.96465043306046
1958,489750,287.8,111.39212020804902
1959,490000,279.93333333333334,111.82832080172416
1960,490250,248.4666666666667,148.33829205194758
1961,490500,252.7333333333333,141.50247740273352
1962,490750,211.33333333333334,144.6287200616346
1963,491000,240.13333333333335,134.0776889220077
1964,491250,273.3333333333333,195.35722265748058
1965,491500,318.3333333333333,164.24020349611249
1966,491750,273.2666666666667,192.56657146151937
1967,492000,321.8666666666667,127.73872639971881
1968,492250,384.4,145.25523895696307
1969,492500,257.7333333333333,200.82180049873958
1970,492750,323.0,189.80188501581208
1971,493000,411.8666666666667,116.428633362531
1972,493250,308.1333333333333,161.40516307313922
1973,493500,358.1333333333333,154.44849555038655
1974,493750,294.8666666666667,155.59628673089998
1975,494000,390.8666666666667,135.89826260029145
1976,494250,478.2666666666666,43.46666666666667
1977,494500,379.0,168.51165472387297
1978,494750,428.66666666666663,110.76782525224151
1979,495000,401.6,136.39736067827704
1980,495250,426.8666666666666,103.87205805434128
1981,495500,333.2666666666667,151.8356421339279
1982,495750,374.8666666666667,175.38397240847803
1983,496000,357.0,155.9924499597479
1984,496250,417.7333333333334,101.77041700699559
1985,496500,444.8666666666667,53.91664348273587
1986,496750,326.2,182.53810561085595
1987,497000,300.93333333333334,145.86803777539632
1988,497250,252.0,128.58287427008136
1989,497500,289.26666666666665,89.95860776552243
1990,497750,251.20000000000005,126.05582537554983
1991,498000,279.33333333333337,156.63105978345703
1992,498250,313.8666666666667,127.08310491782753
1993,498500,307.33333333333337,181.81174635075456
1994,498750,242.6,128.4939081997448
1995,499000,265.8666666666667,128.19353424499312
1996,499250,237.9333333333333,153.1232473822603
1997,499500,253.53333333333336,136.12112253430766
1998,499750,323.46666666666664,161.35793200900358
1999,500000,229.2,172.81185658911767
2000,500250,341.73333333333335,194.8682061747831
2001,500500,334.6,205.84853115283036
2002,500750,287.9333333333333,188.66977618167795
2003,501000,256.4,142.9830448378797
2004,501250,325.26666666666665,150.676459858717
2005,501500,160.06666666666666,102.07239261099612
2006,501750,133.4,110.48909448447843
2007,502000,205.4,138.87570781897827
2008,502250,321.06666666666666,178.84424011474962
2009,502500,397.9333333333333,141.69864737063182
2010,502750,415.6666666666667,118.70411394162659
2011,503000,492.8666666666666,8.918395471035016
2012,503250,498.66666666666663,2.666666666666674
2013,503500,499.4,1.2
2014,503750,393.26666666666665,131.3922710393914
2015,504000,343.3333333333333,140.01761793907698
2016,504250,309.8,167.88429878275625
2017,504500,291.3333333333333,170.43838899861865
2018,504750,282.5333333333333,182.969772852725
2019,505000,339.8666666666667,139.12977155639024
2020,505250,355.26666666666665,186.52475558071222
2021,505500,400.2,160.37561466063906
2022,505750,500.0,0.0
2023,506000,408.6666666666667,182.66666666666669
2024,506250,348.7333333333333,172.00651150465205
2025,506500,410.6666666666667,178.66666666666669
2026,506750,330.4,166.09239731078733
2027,507000,348.6666666666667,190.90707454442625
2028,507250,398.2666666666667,132.73036996524613
2029,507500,461.1333333333334,77.73333333333332
2030,507750,450.0,65.86180818788516
2031,508000,492.8,14.4
2032,508250,403.8,116.16340980609074
2033,508500,459.2,60.053901714302555
2034,508750,387.6666666666667,106.0320706201666
2035,509000,380.7333333333334,127.68892756312987
2036,509250,250.2,158.57218475438174
2037,509500,206.66666666666669,152.56197283581372
2038,509750,158.26666666666668,122.07382101735726
2039,510000,264.46666666666664,202.15413261502553
2040,510250,352.4,145.1891333552358
2041,510500,327.0,170.0867752387325
2042,510750,285.2,188.54867924343688
2043,511000,371.0,138.2828020157725
2044,511250,454.4,90.20332588103389
2045,511500,370.73333333333335,125.59023316590613
2046,511750,274.0,198.2402582726324
2047,512000,266.8666666666667,148.66959638368866
2048,512250,310.4666666666667,158.94787405519668
2049,512500,268.8666666666667,170.13871464843686
2050,512750,265.8,196.1887526507742
2051,513000,347.53333333333336,188.42453249098017
2052,513250,332.1333333333333,210.3956695794326
2053,513500,258.6,199.21104387056457
2054,513750,268.33333333333337,168.2675118837726
2055,514000,284.66666666666663,180.22319495558833
2056,514250,336.8,145.0505812160403
2057,514500,347.4,140.89624235979863
2058,514750,316.33333333333337,175.09146815942296
2059,515000,357.53333333333336,172.00744169947998
2060,515250,335.8,152.03707150268025
2061,515500,354.4,187.25139370494531
2062,515750,353.1333333333333,187.8873894414181
2063,516000,283.80000000000007,206.97929042942116
2064,516250,306.8666666666667,187.27182857487608
2065,516500,357.4,125.0302007960921
2066,516750,424.8666666666666,150.26666666666668
2067,517000,407.8,175.69994624675078
2068,517250,470.0666666666666,53.603648300382616
2069,517500,345.4,198.30217122137395
2070,517750,401.8666666666667,112.3568916938837
2071,518000,365.8666666666667,169.39599890329302
2072,518250,436.0,128.0
2073,518500,399.0666666666667,131.95797310760221
2074,518750,384.2666666666667,170.67908808964006
2075,519000,341.8,197.8843208656119
2076,519250,398.6666666666667,131.7161932169145
2077,519500,342.53333333333336,153.9383137638075
2078,519750,401.46666666666664,81.30726358149751
2079,520000,358.66666666666663,126.8519697214916
2080,520250,361.73333333333335,183.3972494644102
2081,520500,391.73333333333335,94.14183153330109
2082,520750,350.8,149.0059804914629
2083,521000,372.00000000000006,156.77641545986577
2084,521250,357.1333333333333,174.65083897753127
2085,521500,357.73333333333335,174.95477510869298
2086,521750,264.73333333333335,196.1652817849728
2087,522000,332.66666666666663,207.46341042860223
2088,522250,352.2,193.58760290886397
2089,522500,368.73333333333335,160.7933663639973
2090,522750,264.3333333333333,174.4912605261364
2091,523000,270.4,209.93050702024655
2092,523250,260.0666666666667,174.0379779754344
2093,523500,232.2666666666667,151.50114044308563
2094,523750,395.2,132.49966037692323
2095,524000,297.53333333333336,165.64830213437142
2096,524250,318.26666666666665,104.64127080437984
2097,524500,375.5333333333333,152.52039572172345
2098,524750,361.19999999999993,186.51238862636205
2099,525000,417.1333333333333,72.81135442589525
2100,525250,500.0,0.0
2101,525500,451.7333333333334,76.45663985408838
2102,525750,446.6,71.5375270594237
2103,526000,341.7333333333334,67.63969905971558
2104,526250,218.5333333333333,133.02591226273677
2105,526500,409.40000000000003,129.04579721082658
2106,526750,464.1333333333334,55.00125251099086
2107,527000,411.0666666666667,86.13771918658321
2108,527250,358.40000000000003,178.64756116754327
2109,527500,322.2,155.4057913978755
2110,527750,338.1333333333333,165.6446799628651
2111,528000,382.8666666666667,144.4098488484925
2112,528250,384.6,152.09301247737992
2113,528500,297.4,181.80825063786298
2114,528750,300.93333333333334,193.76083768972052
2115,529000,281.66666666666663,209.01313090064195
2116,529250,343.1333333333333,155.42866888418982
2117,529500,365.46666666666664,177.72695662479316
2118,529750,398.46666666666664,191.45287786931917
2119,530000,372.1333333333333,174.14076043374925
2120,530250,340.93333333333334,169.86130289804743
2121,530500,395.8,135.3427911309321
2122,530750,357.46666666666664,134.5703616039662
2123,531000,406.0,151.85973059958252
2124,531250,354.4,156.8090700324584
2125,531500,339.2,167.61763365204482
2126,531750,412.5333333333334,117.9336159785571
2127,532000,367.2666666666667,166.4455065980054
2128,532250,459.66666666666663,80.66666666666667
2129,532500,426.4,115.31356285267478
2130,532750,431.3333333333333,111.60226998886118
2131,533000,364.2,43.75466959206882
2132,533250,288.5333333333333,203.87889651566306
2133,533500,463.2666666666666,55.66582833700083
2134,533750,317.20000000000005,175.15308859521843
2135,534000,361.8666666666667,158.7751169981549
2136,534250,342.33333333333337,176.3428478844549
2137,534500,407.0,186.0
2138,534750,335.46666666666664,203.81675866108534
2139,535000,327.6,213.0274265075848
2140,535250,280.8666666666667,212.77140576475756
2141,535500,391.66666666666663,179.19027751403132
2142,535750,257.46666666666664,141.6158497093065
2143,536000,372.66666666666663,97.62126362176997
2144,536250,435.4,79.28693320956346
2145,536500,358.4666666666667,128.72047234220358
2146,536750,375.8666666666667,178.2055741739485
2147,537000,395.4,143.86326841831448
2148,537250,455.4,61.93774652378342
2149,537500,468.8,62.4
2150,537750,467.2666666666666,65.1338451020495
2151,538000,395.33333333333337,142.57177529620338
2152,538250,443.0,114.0
2153,538500,416.6666666666667,148.24529222429516
2154,538750,368.7333333333333,111.96535178348702
2155,539000,337.0666666666667,137.00533647351924
2156,539250,256.4,69.68991637564535
2157,539500,336.2666666666667,150.11897503868946
2158,539750,313.4,184.711715323576
2159,540000,367.4,140.10859280493034
2160,540250,230.8,142.1827618868679
2161,540500,243.4,176.4652184803944
2162,540750,293.4,166.5456093687252
2163,541000,217.66666666666666,153.67122191368315
2164,541250,94.86666666666666,70.48202292468312
2165,541500,185.53333333333333,159.62561754861838
2166,541750,194.26666666666665,164.52468913003096
2167,542000,334.8666666666667,148.2267931995502
2168,542250,355.6,141.39926135277761
2169,542500,349.8,148.3299025820485
2170,542750,311.4,154.24834232856804
2171,543000,318.1333333333333,192.6618915209867
2172,543250,289.53333333333336,178.02129710296524
2173,543500,205.5333333333333,167.13183086680073
2174,543750,140.73333333333332,182.58774450779669
2175,544000,232.46666666666664,170.79859484199508
2176,544250,276.06666666666666,156.07866962244105
2177,544500,220.8666666666667,190.2187746312709
2178,544750,347.1333333333333,165.9421050313097
2179,545000,332.8,154.78222694410937
2180,545250,345.2666666666666,162.65811452928568
2181,545500,374.33333333333337,141.9599317491461
2182,545750,321.4666666666667,115.99053601240252
2183,546000,312.3333333333333,100.99570947982559
2184,546250,206.9333333333333,125.87443478853572
2185,546500,371.73333333333335,175.79816709953366
2186,546750,293.3333333333333,150.77400306418875
2187,547000,289.0,160.4960366419613
2188,547250,332.6666666666667,112.98554479814368
2189,547500,366.8666666666667,93.76201552630765
2190,547750,371.46666666666664,117.0370501640874
2191,548000,210.93333333333334,169.99900653304485
2192,548250,346.73333333333335,137.90437911022906
2193,548500,270.1333333333333,188.2391622968563
2194,548750,299.53333333333336,122.56093269154823
2195,549000,306.20000000000005,151.58651361882792
2196,549250,335.3333333333333,141.55328796369702
2197,549500,316.06666666666666,149.65135779166485
2198,549750,359.46666666666664,137.51777258877405
2199,550000,349.26666666666665,194.77033769145766
2200,550250,282.06666666666666,188.75220675678352
2201,550500,440.8,65.87820411773365
2202,550750,277.26666666666665,187.3552063149923
2203,551000,394.40000000000003,116.27427345146762
2204,551250,343.26666666666665,150.02050230255566
2205,551500,443.2666666666666,57.283078750282904
2206,551750,366.4666666666667,189.97351862240637
2207,552000,395.33333333333337,186.2148102476158
2208,552250,384.6,178.54478429794582
2209,552500,419.2,55.655927107741384
2210,552750,313.06666666666666,175.9655774418521
2211,553000,208.86666666666665,154.44461071134134
2212,553250,242.00000000000006,162.5134524346284
2213,553500,217.8,131.08548525464002
2214,553750,301.7333333333333,174.0169085015719
2215,554000,328.00000000000006,212.71368341296503
2216,554250,227.8666666666667,222.6026454869254
2217,554500,269.8666666666667,164.9722670296098
2218,554750,233.33333333333334,125.5482200413672
2219,555000,305.6,174.09593779165428
2220,555250,252.53333333333336,117.07881485943088
2221,555500,345.66666666666663,143.21793804470786
2222,555750,298.46666666666664,169.26620716755275
2223,556000,324.53333333333336,174.64065964144777
2224,556250,278.46666666666664,166.71847194863827
2225,556500,279.8666666666667,186.93487873826246
2226,556750,335.80000000000007,127.33221639998786
2227,557000,312.33333333333337,153.249832336323
2228,557250,372.46666666666664,157.80446409683373
2229,557500,247.99999999999994,157.38233700132935
2230,557750,303.3333333333333,163.91542534693514
2231,558000,386.06666666666666,129.11603738928451
2232,558250,381.06666666666666,131.39480794748152
2233,558500,378.4,148.92957321424709
2234,558750,406.46666666666664,118.98040921839939
2235,559000,389.33333333333337,96.0712698411387
2236,559250,422.6666666666667,154.66666666666669
2237,559500,342.53333333333336,197.87275372487915
2238,559750,397.0,153.08835502560098
2239,560000,438.3333333333333,123.33333333333334
2240,560250,348.5333333333333,188.18402340971102
2241,560500,322.8666666666667,150.32846998785323
2242,560750,347.93333333333334,129.52724295169207
2243,561000,378.1333333333333,135.80976891716344
2244,561250,377.26666666666665,77.03286455936987
2245,561500,241.2666666666667,157.5049064491502
2246,561750,368.66666666666663,141.88868876693448
2247,562000,469.2,61.6
2248,562250,427.5333333333334,119.63195411111717
2249,562500,445.2,109.6
2250,562750,308.93333333333334,166.70684848959664
2251,563000,305.1333333333333,187.15787750215353
2252,563250,233.6,155.30220002734453
2253,563500,261.5333333333333,171.44051122441536
2254,563750,235.7333333333333,144.5791440315265
2255,564000,188.4,98.93104220168264
2256,564250,224.99999999999994,142.49023358345184
2257,564500,271.7333333333333,164.42970804842076
2258,564750,244.4,149.88994481137004
2259,565000,248.26666666666665,206.92772758730146
2260,565250,298.4,166.98029158489865
2261,565500,280.53333333333336,136.6124445283079
2262,565750,260.46666666666664,136.38761755460877
2263,566000,231.13333333333335,153.48696651145625
2264,566250,221.2,160.14307491878768
2265,566500,114.4,57.26872328476223
2266,566750,178.40000000000003,136.88655481415583
2267,567000,254.46666666666664,145.72738627694903
2268,567250,272.66666666666663,194.58228764886763
2269,567500,275.00000000000006,189.77366636191766
2270,567750,294.99999999999994,170.2688070865203
2271,568000,280.4,202.70168557102167
2272,568250,256.4,168.7151972342082
2273,568500,268.4,153.63006071584934
2274,568750,244.8,209.89622832882603
2275,569000,237.5333333333333,163.770924023636
2276,569250,202.4,161.46542801616837
2277,569500,290.33333333333337,137.11438857959277
2278,569750,324.1333333333333,121.95347017977345
2279,570000,263.0666666666667,141.39470365689877
2280,570250,271.53333333333336,194.2557992842313
2281,570500,306.6,166.56962508212595
2282,570750,323.4,214.12274776658157
2283,571000,376.2666666666666,163.98013429816567
2284,571250,300.79999999999995,191.6160048986862
2285,571500,297.19999999999993,222.01277240535308
2286,571750,309.0,233.92914406812258
2287,572000,360.2,186.4
2288,572250,429.7333333333333,86.4115218654961
2289,572500,440.4666666666667,119.06666666666666
2290,572750,433.5333333333333,132.93333333333337
2291,573000,437.0666666666667,125.86666666666667
2292,573250,476.8,46.4
2293,573500,365.8,164.76186182217992
2294,573750,328.46666666666664,148.57689367237873
2295,574000,306.1333333333333,159.16512739220792
2296,574250,284.93333333333334,131.27653594183877
2297,574500,301.0,174.81774636587798
2298,574750,257.73333333333335,201.24362239722169
2299,575000,277.5333333333333,135.11716726193194
2300,575250,284.5333333333333,176.3744249537834
2301,575500,250.26666666666665,158.91736496962469
2302,575750,327.7333333333333,211.12686023126264
2303,576000,298.46666666666664,173.9598421092255
2304,576250,328.1333333333333,86.07118500920555
2305,576500,412.6666666666667,173.50235349028168
2306,576750,402.0,196.0
2307,577000,376.33333333333337,133.06022028473507
2308,577250,366.4,130.5098378582158
2309,577500,368.8666666666667,135.8817459738021
2310,577750,411.5333333333333,120.25816673584654
2311,578000,320.1333333333333,193.76510407076802
2312,578250,206.0,152.60013106154267
2313,578500,173.66666666666669,172.0475386500939
2314,578750,301.3333333333333,162.24590390309808
2315,579000,427.7333333333334,144.53333333333333
2316,579250,316.93333333333334,183.8215801622142
2317,579500,354.6666666666667,185.10549544636552
2318,579750,248.26666666666665,174.53829888530993
2319,580000,326.6,192.7246048986308
2320,580250,309.8,172.3435329025529
2321,580500,286.4,183.99606275980776
2322,580750,385.1333333333333,170.68900895423167
2323,581000,349.8666666666667,192.29775523044117
2324,581250,327.40000000000003,213.31233229963783
2325,581500,324.3333333333333,215.43135024101454
2326,581750,298.6,185.38133670895783
2327,582000,313.1333333333333,181.21486326089996
2328,582250,318.46666666666664,222.53884554786785
2329,582500,323.00000000000006,181.89594094793136
2330,582750,324.4,172.40152100386018
2331,583000,363.4,166.13801491531072
2332,583250,368.5333333333333,161.02692666480073
2333,583500,387.26666666666665,165.6921375456435
2334,583750,336.4,149.00162564362995
2335,584000,299.6,163.74049930029867
2336,584250,367.8666666666667,173.52010450281162
2337,584500,370.2,162.66579234737708
2338,584750,401.93333333333334,196.13333333333333
2339,585000,322.5333333333333,172.7510218654453
2340,585250,341.2666666666666,150.93860414825036
2341,585500,295.8,183.8830062838869
2342,585750,354.0,129.58995159947995
2343,586000,343.06666666666666,193.22219794262193
2344,586250,371.8666666666667,139.2681825352319
2345,586500,425.2,149.6
2346,586750,441.3333333333333,117.33333333333334
2347,587000,470.4666666666666,59.06666666666668
2348,587250,465.4,69.2
2349,587500,353.5333333333333,145.02009056219302
2350,587750,336.5333333333333,179.66049463733904
2351,588000,345.93333333333334,156.51033334717695
2352,588250,413.9333333333334,172.13333333333335
2353,588500,402.0,196.0
2354,588750,389.0,157.84859130754947
2355,589000,349.26666666666665,184.19463136102047
2356,589250,304.8666666666667,171.77861721801503
2357,589500,327.06666666666666,180.13444361858666
2358,589750,327.53333333333336,182.2487433274766
2359,590000,324.8666666666667,175.26875870439025
2360,590250,319.5333333333333,194.72277730147545
2361,590500,244.9333333333333,176.67137100654801
2362,590750,328.2,161.0306527065922
2363,591000,440.2666666666666,119.46666666666667
2364,591250,386.8666666666667,134.53287082840882
2365,591500,249.59999999999997,212.5581123154586
2366,591750,383.80000000000007,164.72867928134974
2367,592000,374.93333333333334,180.28463914352525
2368,592250,412.4666666666667,165.73011528117368
2369,592500,345.73333333333335,193.77024195336773
2370,592750,451.2666666666667,67.39812064639982
2371,593000,456.0666666666666,58.086678526338744
2372,593250,399.33333333333337,131.72614690249532
2373,593500,355.0,133.52452958164653
2374,593750,435.7333333333334,111.70803213934279
2375,594000,422.4666666666667,109.83575616953404
2376,594250,428.9333333333333,120.89617216622057
2377,594500,401.6666666666667,130.75269277023196
2378,594750,368.93333333333334,147.20649140276086
2379,595000,500.0,0.0
2380,595250,383.0,146.66030289224295
2381,595500,448.6666666666667,64.53112943895113
2382,595750,366.53333333333336,166.6146052021451
2383,596000,363.2666666666667,169.07597240425514
2384,596250,306.2,187.49051531566425
2385,596500,326.06666666666666,215.86234296678776
2386,596750,345.93333333333334,191.51888795741385
2387,597000,290.1333333333333,183.9765202410351
2388,597250,233.4,141.50483305448537
2389,597500,301.8,165.3443007115086
2390,597750,230.4,99.48855880619307
2391,598000,355.73333333333335,176.87137825110213
2392,598250,500.0,0.0
2393,598500,426.0,148.0
2394,598750,358.4,177.8951501431235
2395,599000,341.66666666666663,202.7955730395623
2396,599250,348.5333333333333,187.5215661671419
2397,599500,271.0,147.0980021013957
2398,599750,199.0,92.79798848394648
2399,600000,393.2666666666667,132.1366968963076
2400,600250,485.4666666666666,29.066666666666674
2401,600500,418.6,162.79999999999998
2402,600750,391.1333333333333,150.14949587364956
2403,601000,438.66666666666663,122.66666666666666
2404,601250,334.06666666666666,203.32769391086674
2405,601500,303.7333333333333,198.78859792922398
2406,601750,260.93333333333334,196.1957525873925
2407,602000,160.8,177.10995956686844
2408,602250,380.8666666666667,168.89412857369157
2409,602500,440.66666666666663,118.66666666666667
2410,602750,406.4,124.0622424430576
2411,603000,374.1333333333333,164.3278024762294
2412,603250,440.0,120.0
2413,603500,452.5333333333334,94.93333333333332
2414,603750,465.2,54.22324224905773
2415,604000,403.2,170.91929219501364
2416,604250,500.0,0.0
2417,604500,470.6666666666667,58.66666666666667
2418,604750,500.0,0.0
2419,605000,449.7333333333334,61.56420316312971
2420,605250,500.0,0.0
2421,605500,471.66666666666663,56.66666666666667
2422,605750,499.33333333333337,1.3333333333333257
2423,606000,472.5333333333334,54.93333333333332
2424,606250,500.0,0.0
2425,606500,500.0,0.0
2426,606750,412.0666666666667,115.31298471743955
2427,607000,469.2666666666667,61.46666666666667
2428,607250,449.5333333333333,100.93333333333334
2429,607500,410.0666666666666,164.64782618263342
2430,607750,351.5333333333333,190.3780566253486
2431,608000,369.6,170.46829617263148
2432,608250,294.66666666666663,182.3302254457859
2433,608500,340.8666666666667,142.77123893371055
2434,608750,357.8666666666667,150.2634131561417
2435,609000,374.66666666666663,131.75516013508627
2436,609250,272.79999999999995,192.22956183803896
2437,609500,350.2,191.6922997352209
2438,609750,353.8666666666667,185.97509988645734
2439,610000,282.46666666666664,186.24519084022307
2440,610250,432.7333333333334,134.53333333333333
2441,610500,382.73333333333335,145.80495342903973
2442,610750,310.5333333333333,171.52396657934165
2443,611000,291.4,189.68668904274753
2444,611250,289.20000000000005,152.6671906832346
2445,611500,215.4,109.14422670128833
2446,611750,294.2,109.7177388676153
2447,612000,287.6,143.04147028824272
2448,612250,333.46666666666664,156.2306841394054
2449,612500,338.4,193.07792324459172
2450,612750,316.6,182.47159900774818
2451,613000,310.93333333333334,119.28796157943928
2452,613250,330.53333333333336,150.50737892578925
2453,613500,385.0666666666667,124.74247249611675
2454,613750,460.2666666666666,53.73821317791982
2455,614000,460.8,73.66187013042169
2456,614250,442.1333333333333,115.73333333333335
2457,614500,424.3333333333333,96.14710950760124
2458,614750,435.2666666666667,97.04899106465078
2459,615000,361.06666666666666,133.52209971053898
2460,615250,403.4666666666667,119.98418414292962
2461,615500,348.66666666666663,148.38793002726933
2462,615750,360.73333333333335,137.00144362580838
2463,616000,357.0,130.65935353684657
2464,616250,331.2,111.96241432830136
2465,616500,296.2666666666667,188.782696947222
2466,616750,390.2666666666667,132.3796560402441
2467,617000,432.6,104.83010593866206
2468,617250,409.2,175.1723722508775
2469,617500,399.46666666666664,191.38496399781368
2470,617750,372.06666666666666,189.7296790465612
2471,618000,403.8,192.39999999999998
2472,618250,367.93333333333334,189.08133464493824
2473,618500,414.9333333333334,108.87840312323956
2474,618750,406.4666666666667,187.0666666666667
2475,619000,337.6,164.2855779157474
2476,619250,330.5333333333333,190.4542639760703
2477,619500,273.2,208.51662337142866
2478,619750,312.2,161.21836123717424
2479,620000,364.8,157.13795778798251
2480,620250,355.2666666666667,82.39536125022788
2481,620500,356.73333333333335,131.21829140786738
2482,620750,388.3333333333333,121.66438354022192
2483,621000,406.2666666666667,86.83148430532941
2484,621250,421.8666666666667,90.87564152302981
2485,621500,418.5333333333334,105.59642249832352
2486,621750,372.6,118.86171236637418
2487,622000,354.46666666666664,187.99475169979257
2488,622250,241.13333333333335,152.72322096597566
2489,622500,227.46666666666664,144.79327792868472
2490,622750,294.6666666666667,169.86282046927684
2491,623000,263.2,198.61325904044438
2492,623250,269.3333333333333,192.8980156570939
2493,623500,436.9333333333333,110.52649757712703
2494,623750,438.0666666666667,94.14324782538102
2495,624000,361.0,183.47073638897052
2496,624250,381.1333333333333,150.90771278426354
2497,624500,411.8666666666667,146.66569696649134
2498,624750,382.53333333333336,110.09846098429855
2499,625000,463.8666666666666,72.26666666666667
2500,625250,382.0666666666667,152.75840038730732
2501,625500,316.26666666666665,178.16239782849803
2502,625750,302.6666666666667,178.2578656516078
2503,626000,326.26666666666665,112.98326326397985
2504,626250,367.33333333333337,112.03670033619441
2505,626500,393.1333333333333,150.19862405051077
2506,626750,340.2666666666667,168.43691862402244
2507,627000,289.4,166.86446928903442
2508,627250,316.2666666666667,190.56936911383332
2509,627500,288.0666666666667,144.09139075215037
2510,627750,296.1333333333333,149.7785921507699
2511,628000,370.73333333333335,106.91500258512731
2512,628250,407.46666666666664,123.31506170960806
2513,628500,364.26666666666665,138.64012566513506
2514,628750,305.06666666666666,131.68470762477403
2515,629000,208.6,182.23786653711682
2516,629250,302.0,198.71464744983223
2517,629500,326.06666666666666,127.74999891280711
2518,629750,288.93333333333334,92.97105881820309
2519,630000,344.0,160.69446509171098
2520,630250,251.4,76.58296880580637
2521,630500,258.8,198.41209640543593
2522,630750,231.0,111.58992387805948
2523,631000,155.2,88.92183833757224
2524,631250,231.53333333333336,185.3655367705179
2525,631500,225.73333333333335,173.48600968249733
2526,631750,214.26666666666665,132.15805352346527
2527,632000,332.4,210.12148866786566
2528,632250,292.0666666666667,181.59226611040214
2529,632500,399.8666666666667,180.93112256079965
2530,632750,328.26666666666665,124.68794827265563
2531,633000,432.2,83.63933152397728
2532,633250,473.8,36.10453957299246
2533,633500,457.4666666666666,85.06666666666668
2534,633750,440.7333333333334,118.53333333333335
2535,634000,416.6,102.15595919964728
2536,634250,434.0,130.3397270383993
2537,634500,369.8,124.16182988342271
2538,634750,371.5333333333333,158.00022503500148
2539,635000,404.1333333333333,99.16397195218299
2540,635250,344.8666666666667,143.1744235384084
2541,635500,263.33333333333337,187.53417466335748
2542,635750,374.4,111.01419328676452
2543,636000,375.6666666666667,146.31381798495087
2544,636250,409.2,130.17895375213308
2545,636500,391.0,134.0852133698733
2546,636750,377.2,85.08730157249605
2547,637000,439.4666666666667,68.75353728273832
2548,637250,496.8,6.4
2549,637500,439.9333333333334,120.13333333333333
2550,637750,427.9333333333334,144.13333333333335
2551,638000,335.46666666666664,205.4128201127346
2552,638250,316.9333333333333,183.7383888999671
2553,638500,474.0,52.0
2554,638750,500.0,0.0
2555,639000,500.0,0.0
2556,639250,418.4666666666667,117.0670463167724
2557,639500,445.0,110.0
2558,639750,436.0666666666667,118.27884191369328
2559,640000,500.0,0.0
2560,640250,500.0,0.0
2561,640500,500.0,0.0
2562,640750,500.0,0.0
2563,641000,469.2666666666667,61.46666666666667
2564,641250,500.0,0.0
2565,641500,500.0,0.0
2566,641750,500.0,0.0
2567,642000,445.5333333333333,108.93333333333334
2568,642250,381.8,179.26164614266426
2569,642500,327.73333333333335,168.7524682947054
2570,642750,445.0666666666667,67.85946261699002
2571,643000,470.6,58.8
2572,643250,387.8,138.64897323016055
2573,643500,439.1333333333333,74.56290409222717
2574,643750,409.6,121.6427191043965
2575,644000,363.93333333333334,146.83844485995107
2576,644250,495.0666666666666,9.866666666666676
2577,644500,362.2,123.49963562699284
2578,644750,364.4,152.6132948919516
2579,645000,447.0,86.96206069315515
2580,645250,393.26666666666665,185.08165165077216
2581,645500,386.33333333333337,160.90825543354407
2582,645750,382.46666666666664,174.13208269076154
2583,646000,408.26666666666665,183.46666666666667
2584,646250,427.7333333333334,134.27987356430017
2585,646500,400.5333333333333,148.9531768338255
2586,646750,318.2,182.9245867685491
2587,647000,432.0,130.2450681514574
2588,647250,379.93333333333334,153.35976583764653
2589,647500,333.73333333333335,184.27629014908868
2590,647750,340.46666666666664,194.0569904836091
2591,648000,348.0666666666667,159.93240238717524
2592,648250,329.9333333333333,156.40082409558389
2593,648500,233.2,171.41562226225344
2594,648750,212.8,147.00696884463977
2595,649000,321.8666666666667,149.58648186101428
2596,649250,320.1333333333333,149.32479142236676
2597,649500,367.1333333333333,182.5533224993606
2598,649750,332.20000000000005,200.77932607162964
2599,650000,271.8,190.36579991631316
2600,650250,290.8,162.8887282097131
2601,650500,282.9333333333333,213.48686142243037
2602,650750,323.0,177.63683301737973
2603,651000,399.8,130.3539796093698
2604,651250,383.93333333333334,142.42540347689226
2605,651500,393.2,150.90977436866044
2606,651750,335.06666666666666,204.86802255761307
2607,652000,400.0666666666667,136.29875682159067
2608,652250,357.1333333333333,155.64169678392028
2609,652500,368.73333333333335,165.47553024876854
2610,652750,275.53333333333336,136.38615113794444
2611,653000,239.6,146.9774585891773
2612,653250,270.93333333333334,158.92561502511518
2613,653500,305.2,121.76983753513566
2614,653750,206.5333333333333,154.37524268986772
2615,654000,238.80000000000004,139.09718425139548
2616,654250,271.0666666666667,137.28177025535635
2617,654500,324.46666666666664,120.61483232910362
2618,654750,313.06666666666666,147.35103966002035
2619,655000,267.93333333333334,129.27032829608572
2620,655250,281.4,147.69042698232752
2621,655500,279.2,186.30710608502773
2622,655750,123.6,45.495005830921215
2623,656000,347.4,130.17379835350036
2624,656250,238.2666666666667,140.49537754357297
2625,656500,276.26666666666665,184.211159029824
2626,656750,294.93333333333334,164.63581357381238
2627,657000,275.59999999999997,157.27250236452653
2628,657250,353.4666666666667,146.48239939778887
2629,657500,358.4,162.2036305937009
2630,657750,384.93333333333334,140.7316437605827
2631,658000,456.2,62.11086861411616
2632,658250,365.6666666666667,125.50272241403106
2633,658500,349.4,182.9295432066067
2634,658750,372.3333333333333,126.73121162523461
2635,659000,298.8,165.38931847814922
2636,659250,305.46666666666664,137.67233240964254
2637,659500,337.06666666666666,148.28132421552996
2638,659750,351.4,184.58462678252607
2639,660000,394.06666666666666,140.96814454967398
2640,660250,396.7333333333333,126.52911830000942
2641,660500,265.53333333333336,195.6688358766754
2642,660750,311.5333333333333,182.3454109345472
2643,661000,313.0,167.34873767076942
2644,661250,296.4,123.93159403477387
2645,661500,242.0,130.14368128256467
2646,661750,187.39999999999998,82.081910309154
2647,662000,336.53333333333336,171.64959138379044
2648,662250,381.8666666666667,136.71000938726712
2649,662500,268.19999999999993,141.52276613087145
2650,662750,189.8,100.91571841007834
2651,663000,169.33333333333331,134.8801937523322
2652,663250,218.6,177.29352936741813
2653,663500,285.0666666666667,127.71589999334894
2654,663750,268.93333333333334,192.79158580071785
2655,664000,293.8666666666667,169.02183948301538
2656,664250,318.2,208.04055160259287
2657,664500,247.2666666666667,215.6934450144979
2658,664750,310.93333333333334,201.09361004268635
2659,665000,286.8,160.7287017167611
2660,665250,215.33333333333334,155.9662356622954
2661,665500,294.6,113.42337599552494
2662,665750,295.6,113.92422432866896
2663,666000,252.33333333333331,137.93251167791362
2664,666250,261.8666666666667,104.27071603390007
2665,666500,258.8666666666667,199.21575127372722
2666,666750,245.0666666666667,212.2117810113284
2667,667000,220.86666666666665,169.97327894570827
2668,667250,259.2666666666667,201.84541940141554
2669,667500,205.13333333333335,170.06699333563296
2670,667750,363.8,181.005537054656
2671,668000,293.9333333333333,187.13137393582915
2672,668250,266.66666666666663,156.55215673307657
2673,668500,389.46666666666664,183.45251883434761
2674,668750,321.4,178.30627832156915
2675,669000,241.53333333333336,190.09525097814637
2676,669250,221.6,106.56211542778438
2677,669500,194.33333333333331,91.88567776197647
2678,669750,285.6,115.37714004275044
2679,670000,264.0666666666667,167.95282406411363
2680,670250,234.4666666666667,144.32857574914877
2681,670500,237.2,145.24440704473884
2682,670750,233.2,141.0160904924604
2683,671000,340.2,139.60286530010765
2684,671250,275.0666666666667,191.9823371505248
2685,671500,319.7333333333333,177.06714357365496
2686,671750,249.06666666666666,210.2121045251412
2687,672000,415.33333333333337,109.10871235199832
2688,672250,396.73333333333335,101.57304979395097
2689,672500,366.26666666666665,120.27660712799567
2690,672750,347.0666666666667,143.39601730096194
2691,673000,350.9333333333333,188.57717547760416
2692,673250,352.8,190.57090835463612
2693,673500,442.8666666666666,114.26666666666667
2694,673750,444.8,110.4
2695,674000,389.8666666666667,155.18613912904007
2696,674250,331.6,149.04009900396306
2697,674500,289.4666666666667,205.89205370236553
2698,674750,286.8,184.43687266921438
2699,675000,332.8666666666667,159.13273285740638
2700,675250,394.93333333333334,183.72085105156438
2701,675500,287.6666666666667,191.14985395408144
2702,675750,364.2666666666667,183.53993207655566
2703,676000,353.6,139.45710610952906
2704,676250,343.4666666666667,142.8837289546994
2705,676500,379.06666666666666,150.2931062217352
2706,676750,223.9333333333333,161.52913737843778
2707,677000,371.4666666666667,161.2179477188153
2708,677250,327.1333333333333,112.19855415982667
2709,677500,337.73333333333335,141.2947117041383
2710,677750,326.26666666666665,166.3652474393482
2711,678000,331.7333333333333,207.55458719736038
2712,678250,283.73333333333335,186.4986624914804
2713,678500,342.1333333333333,198.44479780981354
2714,678750,411.7333333333333,115.88315954730724
2715,679000,416.5333333333334,107.71291060551242
2716,679250,419.0,104.1545859661387
2717,679500,357.4,127.07694956643833
2718,679750,465.4,59.853302145978354
2719,680000,432.2,122.85738796579463
2720,680250,392.8,130.16119920228832
2721,680500,297.8666666666667,183.5783332652425
2722,680750,348.59999999999997,134.83922937253007
2723,681000,389.3333333333333,130.2266400464121
2724,681250,423.0,96.25798668162554
2725,681500,409.5333333333333,127.007891268395
2726,681750,291.6,184.3540554958794
2727,682000,430.6666666666667,138.66666666666666
2728,682250,383.3333333333333,132.59529068225277
2729,682500,382.33333333333337,141.28867218885202
2730,682750,355.19999999999993,129.0826780702112
2731,683000,322.2,126.57867118910674
2732,683250,289.0,117.04149311723219
2733,683500,242.53333333333336,144.8457570429087
2734,683750,267.26666666666665,155.30420327716683
2735,684000,382.19999999999993,114.19351995625671
2736,684250,264.99999999999994,196.56223215844673
2737,684500,288.00000000000006,148.08811190939295
2738,684750,394.4,128.52036587422415
2739,685000,406.26666666666665,153.73142525557716
2740,685250,399.8666666666667,107.66998962880356
2741,685500,464.8666666666666,70.26666666666668
2742,685750,421.0,134.25613993822074
2743,686000,259.2666666666667,122.4709307913061
2744,686250,319.8,170.9879267992659
2745,686500,241.0,148.03438039110299
2746,686750,398.46666666666664,87.77663571690236
2747,687000,343.0,108.75803929416487
2748,687250,312.7333333333333,103.08969126175732
2749,687500,257.0,158.6684873845115
2750,687750,343.4,81.8927211526017
2751,688000,356.0666666666667,144.50780832421015
2752,688250,212.4,181.41596156653668
2753,688500,372.73333333333335,73.85764084447263
2754,688750,344.26666666666665,129.24436802687637
2755,689000,344.93333333333334,137.97059267990568
2756,689250,334.0,145.45117546601142
2757,689500,331.1333333333333,173.22760878233134
2758,689750,322.53333333333336,162.75060675770152
2759,690000,400.2,153.8893686314223
2760,690250,398.8666666666667,113.79740282136885
2761,690500,267.8666666666667,210.8672673613533
2762,690750,238.06666666666666,134.69395763070526
2763,691000,388.6666666666667,93.19799711724853
2764,691250,324.0666666666667,144.35363983403167
2765,691500,317.5333333333333,116.36467581606446
2766,691750,234.8666666666667,96.7798417945482
2767,692000,356.2666666666667,155.0548863395726
2768,692250,405.06666666666666,147.44873308675423
2769,692500,407.0,160.96845791783076
2770,692750,380.6,149.41491819017867
2771,693000,376.0666666666667,164.32669357783058
2772,693250,372.06666666666666,175.54795482842985
2773,693500,376.8,146.11937281247518
2774,693750,361.26666666666665,185.03337837025813
2775,694000,330.66666666666663,201.09378685357512
2776,694250,330.66666666666663,210.9480188735288
2777,694500,281.0,184.02946623963362
2778,694750,226.13333333333335,147.51762229946934
2779,695000,181.73333333333335,129.18761550551199
2780,695250,222.5333333333333,182.54662722469322
2781,695500,255.4666666666667,183.5250633806971
2782,695750,290.33333333333337,174.39469920588502
2783,696000,272.2,69.83650748553923
2784,696250,342.4666666666667,148.8073474888477
2785,696500,386.33333333333337,129.07637704518635
2786,696750,386.33333333333337,139.24622476430415
2787,697000,357.1333333333333,126.45694919615924
2788,697250,431.2,132.79133171174155
2789,697500,422.8666666666666,130.6213526869852
2790,697750,404.53333333333336,126.33686890391279
2791,698000,399.1333333333333,127.13555320558012
2792,698250,400.46666666666664,129.30198932902945
2793,698500,345.2,142.73792612881678
2794,698750,269.2666666666667,191.24578717219137
2795,699000,316.73333333333335,196.41808018159182
2796,699250,333.8666666666667,168.9483287214697
2797,699500,338.53333333333336,146.60401692238102
2798,699750,304.8666666666667,186.1446987934088
2799,700000,334.2,183.06302496984776
2800,700250,254.2,162.6328653405851
2801,700500,293.40000000000003,175.27951011646132
2802,700750,219.33333333333334,130.29129756903268
2803,701000,294.0666666666667,126.6098820085629
2804,701250,373.6,109.42646440012173
2805,701500,276.6,160.80856804149323
2806,701750,296.93333333333334,173.7003038441659
2807,702000,375.59999999999997,106.0143386528445
2808,702250,342.0,136.23623273971984
2809,702500,435.0666666666667,129.86666666666665
2810,702750,414.7333333333333,114.02950885138851
2811,703000,335.46666666666664,162.32622845506035
2812,703250,375.3333333333333,167.38405605738623
2813,703500,455.0666666666666,59.160948080450666
2814,703750,388.33333333333337,95.7571001138935
2815,704000,357.8666666666667,168.5341508418991
2816,704250,325.06666666666666,153.6539257190941
2817,704500,233.13333333333335,134.97861559027294
2818,704750,214.5333333333333,79.376626842471
2819,705000,324.26666666666665,141.82859764910287
2820,705250,267.3333333333333,133.2658162387406
2821,705500,225.8,82.44933797995795
2822,705750,208.5333333333333,155.95677463821684
2823,706000,237.86666666666665,160.23546562619788
2824,706250,226.0666666666667,156.30787283790636
2825,706500,229.2,141.11502006834314
2826,706750,343.53333333333336,138.8946203261867
2827,707000,398.2,123.20093794736755
2828,707250,401.6,130.85877035100773
2829,707500,392.59999999999997,149.63190390644192
2830,707750,321.8,182.46529045882187
2831,708000,314.66666666666663,145.17835773818203
2832,708250,336.2,153.47784494476358
2833,708500,346.8,177.45917840449954
2834,708750,384.4,127.93008507253744
2835,709000,288.8666666666667,154.49395529347493
2836,709250,272.1333333333333,155.51657289319505
2837,709500,175.13333333333335,148.45913766271025
2838,709750,83.13333333333335,36.58876573181689
2839,710000,104.6,72.1585907721473
2840,710250,105.13333333333333,98.3256720179312
2841,710500,145.13333333333333,180.8689642316288
2842,710750,182.26666666666662,115.43201943616471
2843,711000,145.13333333333335,130.60621050402705
2844,711250,216.0,157.06615732798002
2845,711500,250.0,200.49671651509243
2846,711750,303.1333333333333,185.0102219398221
2847,712000,240.2666666666667,87.27514601025375
2848,712250,286.53333333333336,173.36802216992356
2849,712500,186.6,193.23772348529099
2850,712750,338.0666666666667,200.27341311317386
2851,713000,382.8,125.78740442155214
2852,713250,397.4,125.99830686693107
2853,713500,375.73333333333335,109.30475236186616
2854,713750,376.2,126.38224207186352
2855,714000,305.06666666666666,157.31347332281774
2856,714250,260.06666666666666,95.92460001943658
2857,714500,240.93333333333334,125.22076505116873
2858,714750,164.06666666666666,123.35754717261707
2859,715000,227.6,137.90663508330556
2860,715250,200.6,51.6623223980064
2861,715500,291.1333333333333,173.45529042891076
2862,715750,268.53333333333336,152.7828669859433
2863,716000,218.4666666666667,142.94219499892642
2864,716250,308.46666666666664,127.42520246098188
2865,716500,309.66666666666663,102.01437807159014
2866,716750,289.0,125.503076544849
2867,717000,259.2666666666667,157.20325130932318
2868,717250,202.59999999999997,166.6829858677177
2869,717500,274.19999999999993,140.45095624847525
2870,717750,301.5333333333333,142.5872987954319
2871,718000,261.0,108.53837007149949
2872,718250,294.46666666666664,166.95023876060262
2873,718500,270.8666666666667,173.84572982324812
2874,718750,243.33333333333334,140.5146097584004
2875,719000,253.2,143.10487218974916
2876,719250,271.93333333333334,190.86695773641796
2877,719500,178.46666666666667,34.19070698953802
2878,719750,361.6,137.18104825375843
2879,720000,328.1333333333333,149.50237456308176
2880,720250,264.66666666666663,120.04536179665122
2881,720500,296.8,127.43148049921662
2882,720750,339.1333333333333,130.28611250287236
2883,721000,331.5333333333333,129.48575211196018
2884,721250,339.0,128.2338142266349
2885,721500,326.0,157.78818432034484
2886,721750,255.7333333333333,86.61470237013266
2887,722000,274.93333333333334,162.26088732518244
2888,722250,303.8666666666667,175.5406379034654
2889,722500,275.33333333333337,166.97770975658864
2890,722750,310.66666666666663,184.4763158541256
2891,723000,378.0,162.8075892306962
2892,723250,369.3333333333333,175.69784669520948
2893,723500,311.8,153.68952830661922
2894,723750,323.80000000000007,191.1370189157506
2895,724000,293.2,133.8494344818502
2896,724250,179.86666666666667,145.04966199355462
2897,724500,294.8666666666667,134.07205359639852
2898,724750,335.06666666666666,161.57026679160714
2899,725000,423.9333333333333,149.31612996145682
2900,725250,252.4,170.29313289475624
2901,725500,289.53333333333336,187.73688443611124
2902,725750,402.93333333333334,188.6814364065645
2903,726000,283.1333333333333,157.6983900432158
2904,726250,340.8666666666667,197.0930519097797
2905,726500,341.46666666666664,170.52449807709286
2906,726750,246.0,138.2091812354656
2907,727000,344.8,154.93720591832607
2908,727250,294.26666666666665,197.10926467881265
2909,727500,278.3333333333333,121.30622407774467
2910,727750,303.6,125.19378756329901
2911,728000,248.8,143.21741048722626
2912,728250,285.06666666666666,126.39433883243699
2913,728500,298.4,152.69670737918497
2914,728750,356.73333333333335,142.86378905174755
2915,729000,437.0666666666667,74.26421300554752
2916,729250,429.6,80.05092823391314
2917,729500,458.0666666666667,76.58732125996951
2918,729750,381.2,127.8288091333266
2919,730000,439.2666666666667,102.6425079800978
2920,730250,428.0666666666667,72.45117896441253
2921,730500,336.1333333333333,157.5097316217495
2922,730750,444.9333333333334,67.60190661348078
2923,731000,439.0666666666666,121.86666666666666
2924,731250,403.26666666666665,114.36401920573135
2925,731500,312.0666666666667,119.62430076423993
2926,731750,230.1333333333333,147.77409185043982
2927,732000,351.4,181.99956043902964
2928,732250,425.9333333333334,148.13333333333335
2929,732500,419.8,139.74478324590314
2930,732750,363.2,174.53806970909747
2931,733000,392.66666666666663,147.4681133141821
2932,733250,360.6,182.2511575942508
2933,733500,361.46666666666664,165.5002651894485
2934,733750,346.26666666666665,172.62411316048647
2935,734000,347.93333333333334,186.86898559626684
2936,734250,343.5333333333333,156.02615165413775
2937,734500,253.26666666666665,167.2694964554041
2938,734750,248.33333333333334,155.5877744411673
2939,735000,259.9333333333333,205.1200624024866
2940,735250,257.33333333333337,205.91184737379461
2941,735500,277.6,209.73352405161916
2942,735750,288.40000000000003,194.50477286346128
2943,736000,342.93333333333334,166.05961446286557
2944,736250,357.33333333333337,162.52275054417598
2945,736500,465.33333333333337,39.66302504292324
2946,736750,387.26666666666665,153.16402246538766
2947,737000,294.5333333333333,212.2726339194742
2948,737250,301.1333333333333,172.21944657261494
2949,737500,339.4666666666667,107.60144567389005
2950,737750,315.7333333333333,211.91816030408216
2951,738000,308.8,142.54864276995258
2952,738250,317.6,201.51464242359935
2953,738500,373.2,166.4626217636994
2954,738750,399.8,173.03199447244174
2955,739000,294.7333333333333,175.35112710723527
2956,739250,255.9333333333333,152.4840829580437
2957,739500,212.26666666666665,171.42207818390514
2958,739750,262.26666666666665,196.94188652154898
2959,740000,379.20000000000005,174.43070575764781
2960,740250,408.20000000000005,70.79566841740154
2961,740500,349.66666666666663,160.7861243322252
2962,740750,400.73333333333335,131.32290990785523
2963,741000,450.0,100.0
2964,741250,297.8,167.59655260310234
2965,741500,211.0,151.0796699316843
2966,741750,284.2,206.49300230274147
2967,742000,352.8666666666667,190.45951450811447
2968,742250,347.8,192.68922589957586
2969,742500,373.2,172.2990423653016
2970,742750,391.8,139.288924342334
2971,743000,348.1333333333333,190.26211160162998
2972,743250,357.2,149.50118542822474
2973,743500,365.33333333333337,175.32737632465984
2974,743750,388.46666666666664,124.61435622663136
2975,744000,330.53333333333336,105.41654940704942
2976,744250,380.1333333333333,133.50931719463546
2977,744500,493.2666666666666,13.466666666666676
2978,744750,431.6666666666667,136.66666666666669
2979,745000,382.2666666666667,137.19951409049037
2980,745250,304.46666666666664,137.3779215643232
2981,745500,406.1333333333333,109.27937693006044
2982,745750,443.4666666666667,69.25046329568247
2983,746000,400.1333333333333,150.50383531473355
2984,746250,402.93333333333334,151.17898149029992
2985,746500,342.0666666666667,157.1128964223568
2986,746750,199.2,159.3387167849254
2987,747000,329.4666666666667,109.60790725733858
2988,747250,360.1333333333333,121.73059507690651
2989,747500,324.53333333333336,171.56567903348915
2990,747750,410.8,115.65016212699402
2991,748000,449.4666666666666,78.883486512986
2992,748250,400.2666666666667,83.1751565472928
2993,748500,433.33333333333337,81.12897824520603
2994,748750,417.2,165.6
2995,749000,401.1333333333333,176.55765190000812
2996,749250,291.33333333333337,157.20262932491514
2997,749500,306.7333333333333,191.34255494618372
2998,749750,296.0,143.32372060789132
2999,750000,302.2,224.49069270486717
3000,750250,407.3333333333333,135.01752972608162
3001,750500,373.5333333333333,156.60021285639004
3002,750750,324.2,171.0004028585248
3003,751000,298.59999999999997,181.52837549846336
3004,751250,458.4666666666667,63.27421802493229
3005,751500,384.93333333333334,181.96182749870002
3006,751750,306.8666666666667,178.2637995281774
3007,752000,345.8,102.28839404133568
3008,752250,417.6666666666667,63.341402994671135
3009,752500,412.8666666666666,71.25403692267392
3010,752750,431.2666666666667,119.3352700029068
3011,753000,414.8666666666667,148.922888323678
3012,753250,389.2666666666667,135.55882691863172
3013,753500,377.1333333333333,106.10887490372016
3014,753750,351.06666666666666,157.32350251772445
3015,754000,207.2666666666667,190.17972785996116
3016,754250,307.46666666666664,162.9926515044296
3017,754500,321.1333333333333,106.65470766293753
3018,754750,377.2,114.60746533760839
3019,755000,396.0,94.98935612887256
3020,755250,335.99999999999994,105.74581683346996
3021,755500,313.1333333333333,147.18991511347207
3022,755750,420.4666666666666,75.29810385689964
3023,756000,343.1333333333333,114.65825550546091
3024,756250,313.73333333333335,193.3256780093575
3025,756500,335.9333333333333,141.13341206107077
3026,756750,339.4666666666667,190.81551299619224
3027,757000,447.8666666666667,104.26666666666665
3028,757250,357.4666666666667,61.528891136152005
3029,757500,362.40000000000003,134.05428419528823
3030,757750,445.1333333333333,109.73333333333335
3031,758000,409.33333333333337,118.70430114832028
3032,758250,382.5333333333333,98.17684723667456
3033,758500,444.2666666666667,111.46666666666667
3034,758750,422.33333333333337,86.15851025226057
3035,759000,357.33333333333337,99.56862513418125
3036,759250,410.2666666666666,85.68427834530414
3037,759500,368.1333333333333,153.14547912941399
3038,759750,380.06666666666666,138.2066729374687
3039,760000,346.73333333333335,161.81531310588485
3040,760250,445.2666666666666,67.28460282841668
3041,760500,418.9333333333333,99.44901541325922
3042,760750,424.1333333333334,112.70662013485375
3043,761000,382.6,124.59755660168908
3044,761250,339.8666666666667,129.42446960808198
3045,761500,341.2,154.10192874991682
3046,761750,331.2666666666667,173.00949235358286
3047,762000,327.46666666666664,168.63709885760935
3048,762250,335.7333333333333,111.01059008541083
3049,762500,337.2,87.89958917866328
3050,762750,334.6666666666667,126.10383728411193
3051,763000,201.4,110.25675086411313
3052,763250,301.5333333333333,153.69227552338327
3053,763500,367.0,163.2116553572215
3054,763750,398.66666666666663,137.24981279080532
3055,764000,331.66666666666663,142.47073773624925
3056,764250,342.06666666666666,161.45028818665998
3057,764500,325.53333333333336,164.10844652918456
3058,764750,365.2,178.09642831280414
3059,765000,335.8666666666667,155.40250248235316
3060,765250,330.20000000000005,181.84689530848013
3061,765500,244.0666666666667,207.39606767942558
3062,765750,283.1333333333333,198.55428588787612
3063,766000,372.0,159.5215067353337
3064,766250,366.46666666666664,166.47423557749443
3065,766500,291.7333333333333,172.9322796164248
3066,766750,322.8666666666667,161.9181686325946
3067,767000,356.26666666666665,174.59367431585576
3068,767250,284.7333333333333,178.68313356951802
3069,767500,273.33333333333337,130.96785016857297
3070,767750,335.6,119.51818085779064
3071,768000,266.20000000000005,70.99189312089719
3072,768250,340.66666666666663,135.00106995460771
3073,768500,388.66666666666663,136.35900328829695
3074,768750,394.8666666666667,102.3537656040721
3075,769000,405.53333333333336,127.88981368523626
3076,769250,400.93333333333334,137.51418512688468
3077,769500,370.33333333333337,145.23345191640786
3078,769750,305.73333333333335,153.3446952312194
3079,770000,237.8,135.45980953773704
3080,770250,289.40000000000003,166.04449202949593
3081,770500,212.2,87.75334118362039
3082,770750,346.53333333333336,172.77533260149016
3083,771000,324.46666666666664,200.0548369267231
3084,771250,332.4666666666667,180.92326181745304
3085,771500,247.33333333333334,207.81412635119662
3086,771750,265.53333333333336,201.65753147353558
3087,772000,332.6666666666667,184.0595314323904
3088,772250,252.8666666666667,210.05487113820732
3089,772500,310.6,175.9917169768067
3090,772750,331.33333333333337,157.622192458916
3091,773000,340.8666666666667,195.76875247200317
3092,773250,207.66666666666666,160.09733150666676
3093,773500,263.26666666666665,146.90426209685756
3094,773750,238.7333333333333,166.56615635970124
3095,774000,290.6666666666667,136.6412984585716
3096,774250,331.93333333333334,159.22289059330913
3097,774500,410.6,123.25842770374771
3098,774750,380.0,114.84037230482629
3099,775000,369.1333333333333,98.92816698100809
3100,775250,343.73333333333335,107.05728476952058
3101,775500,352.80000000000007,142.0132388194847
3102,775750,360.8666666666667,185.57066339028674
3103,776000,337.6666666666667,167.5995226723513
3104,776250,376.33333333333337,119.33109867553851
3105,776500,352.0,149.9410254437094
3106,776750,428.8,89.91591133448581
3107,777000,383.46666666666664,167.07544536659015
3108,777250,330.0,170.51568842778073
3109,777500,273.6666666666667,186.8698893764203
3110,777750,278.6,166.28722139719576
3111,778000,316.93333333333334,168.68529541394201
3112,778250,315.0,179.38314054311547
3113,778500,369.5333333333333,174.91376923120336
3114,778750,384.93333333333334,166.21076312254203
3115,779000,367.53333333333336,171.96842087365278
3116,779250,375.33333333333337,179.31362964866273
3117,779500,326.4,159.6955993271087
3118,779750,229.53333333333336,174.6395144290089
3119,780000,246.8,211.63727879978467
3120,780250,177.33333333333331,175.004634859258
3121,780500,231.2666666666667,179.69683111037634
3122,780750,176.8,196.68673343952588
3123,781000,362.73333333333335,175.11626613957557
3124,781250,436.1333333333333,127.73333333333333
3125,781500,353.2666666666667,193.7526946049181
3126,781750,464.9333333333334,64.14476682560404
3127,782000,351.20000000000005,132.4820490984848
3128,782250,347.46666666666664,95.65461015781959
3129,782500,293.9333333333333,176.73613728443377
3130,782750,186.6,173.38132668901932
3131,783000,329.53333333333336,153.8376633554562
3132,783250,383.20000000000005,144.72066580523705
3133,783500,423.2,94.02094329338425
3134,783750,414.6,105.96108300272846
3135,784000,456.7333333333333,71.75588245340354
3136,784250,448.8,102.4
3137,784500,468.66666666666663,62.66666666666668
3138,784750,485.4666666666666,29.066666666666677
3139,785000,482.0666666666666,35.86666666666668
3140,785250,486.0666666666666,27.866666666666674
3141,785500,500.0,0.0
3142,785750,437.6,124.8
3143,786000,347.0666666666667,138.54953386184067
3144,786250,426.0,93.14719534156677
3145,786500,381.4,145.26854825154382
3146,786750,404.4,126.7560035834376
3147,787000,397.2,146.36037715174143
3148,787250,363.93333333333334,136.5304036144005
3149,787500,370.06666666666666,132.26209669524457
3150,787750,369.53333333333336,158.29895767186844
3151,788000,360.53333333333336,171.42936349023367
3152,788250,424.8,150.4
3153,788500,343.6666666666667,193.14634635713693
3154,788750,264.3333333333333,125.54910504570621
3155,789000,291.33333333333337,143.3906861999373
3156,789250,210.0,187.94597332448728
3157,789500,265.26666666666665,195.38547654430317
3158,789750,221.8,128.46194421349503
3159,790000,298.93333333333334,188.80329563978603
3160,790250,350.46666666666664,151.18459651109376
3161,790500,311.8666666666667,207.92440934147197
3162,790750,222.8666666666667,178.13011474138165
3163,791000,269.93333333333334,199.46276734156567
3164,791250,368.8666666666667,160.04938126854614
3165,791500,329.0,204.3935202277976
3166,791750,235.4,172.0000516795788
3167,792000,364.4,167.22870566981018
3168,792250,328.1333333333333,166.55310797994065
3169,792500,329.33333333333337,156.75203347963304
3170,792750,327.4,213.25627775050376
3171,793000,428.4666666666666,143.06666666666666
3172,793250,420.8,158.4
3173,793500,388.26666666666665,131.97043439935914
3174,793750,406.06666666666666,151.90090336941532
3175,794000,253.2,203.02102792020776
3176,794250,249.73333333333335,195.93177951068128
3177,794500,234.4,167.19641144474363
3178,794750,216.33333333333331,177.06947788933022
3179,795000,233.6,218.6495318489792
3180,795250,312.2,230.37222054753045
3181,795500,289.5333333333333,204.8038194088295
3182,795750,273.8,191.6780402422539
3183,796000,336.4,205.3845607093624
3184,796250,286.93333333333334,208.6073824197025
3185,796500,377.66666666666663,181.92721377273693
3186,796750,329.20000000000005,167.50570139550473
3187,797000,204.13333333333335,172.20847830464098
3188,797250,308.6,176.8223716363716
3189,797500,205.13333333333335,149.9628991154516
3190,797750,213.5333333333333,146.16696693241678
3191,798000,236.93333333333334,158.0939804884002
3192,798250,188.2,160.93471416143325
3193,798500,238.33333333333334,155.20094501430503
3194,798750,263.6,203.33064479096876
3195,799000,301.06666666666666,193.1283280907053
3196,799250,226.6,169.1102730304828
3197,799500,192.93333333333334,156.92367571529797
3198,799750,249.46666666666664,157.39752927610468
3199,800000,225.66666666666669,73.91135832122752
3200,800250,233.73333333333335,136.76019563861084
3201,800500,298.5333333333333,164.74648537812408
3202,800750,336.93333333333334,147.60508874094492
3203,801000,384.8666666666667,141.91321291549988
3204,801250,397.93333333333334,107.00870161917778
3205,801500,387.1333333333333,114.1937145575204
3206,801750,393.0666666666667,61.20108931492423
3207,802000,392.2,65.07383840257499
3208,802250,348.33333333333337,104.36069928644383
3209,802500,416.4,97.14648732712882
3210,802750,372.6,156.99885349899853
3211,803000,367.53333333333336,158.25655682396788
3212,803250,341.2,199.142338821033
3213,803500,298.0,155.98960079298735
3214,803750,308.33333333333337,162.9557540493056
3215,804000,306.3333333333333,129.63710031382905
3216,804250,293.1333333333333,173.92918099042495
3217,804500,345.66666666666663,193.96746577139623
3218,804750,316.6,162.99780502952927
3219,805000,215.0,159.974025669447
3220,805250,235.86666666666665,158.47461766618795
3221,805500,285.2,189.6003516171142
3222,805750,361.33333333333337,173.06697483280215
3223,806000,333.4,168.92633502999664
3224,806250,321.8666666666667,183.07188630577758
3225,806500,346.4,196.0026530432688
3226,806750,363.0,178.33003112207433
3227,807000,424.66666666666663,150.66666666666669
3228,807250,304.4,162.20061652163966
3229,807500,269.6,131.43370107311816
3230,807750,337.40000000000003,174.55013924689695
3231,808000,348.26666666666665,161.94737142390153
3232,808250,342.6,196.21421400545316
3233,808500,300.3333333333333,169.20546353143828
3234,808750,372.2,159.10773429067208
3235,809000,371.33333333333337,159.0158622416155
3236,809250,372.1333333333333,157.37917411285537
3237,809500,284.8,154.83074630059753
3238,809750,298.4,168.9953845523599
3239,810000,328.6666666666667,141.06279137714208
3240,810250,305.8666666666667,175.0340411335908
3241,810500,334.46666666666664,156.2515919918898
3242,810750,264.8,196.12723761204953
3243,811000,272.3333333333333,191.8788969926373
3244,811250,248.0666666666667,208.4338850677702
3245,811500,274.6666666666667,187.18558823917095
3246,811750,344.2,186.80989742992145
3247,812000,303.4,165.5877612224607
3248,812250,335.6,163.6282235910283
3249,812500,403.2,143.9327929586892
3250,812750,351.4,138.54135363373157
3251,813000,368.3333333333333,163.83569004747818
3252,813250,375.53333333333336,180.9554395731477
3253,813500,322.66666666666663,217.89181821363658
3254,813750,313.4,174.47195253742711
3255,814000,281.8666666666667,167.72286665806783
3256,814250,292.8666666666667,164.0763507909927
3257,814500,342.59999999999997,140.48572881257368
3258,814750,279.33333333333337,145.79087000830256
3259,815000,304.46666666666664,122.7174894716406
3260,815250,292.1333333333333,114.52968562293746
3261,815500,310.66666666666663,162.28383913515373
3262,815750,206.7333333333333,135.4773289767209
3263,816000,271.33333333333337,78.64180398066497
3264,816250,314.93333333333334,102.91731308838825
3265,816500,274.66666666666663,101.93658159202057
3266,816750,191.26666666666665,42.53437825257744
3267,817000,201.46666666666667,89.18260916668551
3268,817250,162.46666666666667,73.09889800050948
3269,817500,231.46666666666664,167.50583406091994
3270,817750,226.0,170.7527126838367
3271,818000,332.53333333333336,136.25655539785558
3272,818250,305.46666666666664,162.9731538901082
3273,818500,269.6,180.33196549080748
3274,818750,239.4,163.06582174760666
3275,819000,233.0,156.04287160193437
3276,819250,350.33333333333337,123.09057189276882
3277,819500,302.7333333333333,165.15560339671595
3278,819750,340.26666666666665,129.9417647341386
3279,820000,390.6,99.60865647344333
3280,820250,384.33333333333337,126.19843281294916
3281,820500,445.8666666666666,94.12110402147981
3282,820750,407.6,102.08610744529999
3283,821000,377.0,89.2541938012501
3284,821250,356.3333333333333,112.96607160264242
3285,821500,351.53333333333336,138.79234689115808
3286,821750,419.2666666666666,126.13756159227292
3287,822000,397.0666666666667,132.40584075737243
3288,822250,395.0666666666667,117.4556937742909
3289,822500,416.6,122.12132400927275
3290,822750,295.4,150.23498630848647
3291,823000,322.59999999999997,160.0803131764386
3292,823250,335.06666666666666,197.48590948329564
3293,823500,337.8,203.18897607892018
3294,823750,341.2666666666667,200.036263379085
3295,824000,338.26666666666665,201.64461587434243
3296,824250,327.33333333333337,173.1875027567264
3297,824500,424.3333333333333,133.7559967503015
3298,824750,403.1333333333333,133.60864908796555
3299,825000,340.99999999999994,160.32134397307595
3300,825250,378.53333333333336,158.64616113995461
3301,825500,342.93333333333334,158.95763237066942
3302,825750,402.4,49.5057347968675
3303,826000,421.8666666666666,90.80739079074029
3304,826250,416.66666666666663,99.70244619756217
3305,826500,371.8,131.42426632010458
3306,826750,413.4666666666667,107.5444300949354
3307,827000,336.9333333333333,158.1567998327398
3308,827250,330.8666666666667,198.48006896859388
3309,827500,420.2666666666666,138.5188956223823
3310,827750,374.0,147.8694619513366
3311,828000,373.26666666666665,155.52526054203113
3312,828250,350.5333333333333,177.8514486243443
3313,828500,372.1333333333333,153.75602607883553
3314,828750,360.0,122.10323501037965
3315,829000,362.8,124.21032342138251
3316,829250,413.6,111.5210792232173
3317,829500,300.4,171.38149776967694
3318,829750,324.53333333333336,167.07624340734716
3319,830000,398.1333333333333,126.13248766453647
3320,830250,377.1333333333333,153.4086191986762
3321,830500,435.6,63.643940097318854
3322,830750,398.6,128.9351947469908
3323,831000,322.1333333333333,137.86669890392918
3324,831250,277.0,151.57440417168064
3325,831500,309.1333333333333,170.40378190899662
3326,831750,323.06666666666666,176.7148865011409
3327,832000,295.2666666666667,185.2019198364615
3328,832250,390.8666666666667,188.90580839255432
3329,832500,332.5333333333333,200.73615629588122
3330,832750,310.8666666666667,156.64788539906945
3331,833000,333.8666666666667,195.89278246587398
3332,833250,238.13333333333335,155.49185044739662
3333,833500,313.1333333333333,154.47137095411708
3334,833750,414.9333333333333,68.11343479813655
3335,834000,358.53333333333336,93.55345471380994
3336,834250,343.46666666666664,136.95588908679886
3337,834500,387.66666666666663,126.88612567530339
3338,834750,411.2,72.66134537091307
3339,835000,481.1333333333333,36.251957801537344
3340,835250,472.2666666666666,55.466666666666676
3341,835500,338.0,146.01963338309452
3342,835750,365.6,110.48869223188005
3343,836000,405.9333333333333,130.6725168758399
3344,836250,474.8,50.4
3345,836500,458.8,60.81286413617143
3346,836750,416.7333333333333,113.47136692184118
3347,837000,312.46666666666664,107.6258126824395
3348,837250,285.7333333333333,153.70005421816435
3349,837500,273.8666666666667,159.93493121336007
3350,837750,254.13333333333335,148.5423396431693
3351,838000,306.6,175.80511937938553
3352,838250,344.80000000000007,190.80095504070323
3353,838500,327.93333333333334,176.9395879326551
3354,838750,346.6666666666667,141.8918210782034
3355,839000,335.9333333333333,152.7947643082053
3356,839250,383.8666666666667,133.93308445306226
3357,839500,392.66666666666663,153.28854418311167
3358,839750,348.4666666666667,146.43323848543858
3359,840000,277.66666666666663,151.08923044199926
3360,840250,282.4,186.09178141742615
3361,840500,371.53333333333336,158.62178636968855
3362,840750,265.33333333333337,147.09860638360922
3363,841000,348.26666666666665,93.19403891284512
3364,841250,405.0,127.2572198344754
3365,841500,250.5333333333333,177.18296883291137
3366,841750,282.66666666666663,172.71595178210958
3367,842000,311.73333333333335,156.9672860467712
3368,842250,247.93333333333334,195.22914172268898
3369,842500,201.8,176.80630959078104
3370,842750,186.46666666666667,167.9741514506192
3371,843000,394.33333333333337,171.04437370980017
3372,843250,290.5333333333333,204.73295343501061
3373,843500,358.8666666666667,181.11329787364224
3374,843750,395.1333333333333,158.86550566088562
3375,844000,248.2,175.5710176031973
3376,844250,223.2,171.31992165406672
3377,844500,342.7333333333333,131.19085333970506
3378,844750,371.6,106.09877996994646
3379,845000,356.1333333333333,145.09745384089658
3380,845250,296.2,186.0761612291531
3381,845500,326.6,192.46060491551108
3382,845750,334.0666666666667,206.75787234777246
3383,846000,311.06666666666666,190.62684898921125
3384,846250,289.2666666666667,177.54478621213045
3385,846500,224.4,205.49727221763527
3386,846750,318.8,146.1187644805873
3387,847000,322.6666666666667,175.0201258268444
3388,847250,344.2,160.96343270030823
3389,847500,303.8,165.13558066025624
3390,847750,281.1333333333333,155.93098188336756
3391,848000,280.26666666666665,197.38990180182302
3392,848250,287.06666666666666,195.66904030360382
3393,848500,326.93333333333334,202.63129077218062
3394,848750,272.8666666666667,190.23349395472457
3395,849000,351.6,139.00829711447682
3396,849250,345.46666666666664,126.46942537845088
3397,849500,357.40000000000003,145.40738174751192
3398,849750,318.53333333333336,126.78005451261733
3399,850000,281.1333333333333,139.67002382600054
3400,850250,360.06666666666666,157.25710017533567
3401,850500,363.93333333333334,135.99091472921597
3402,850750,352.00000000000006,133.67572704122466
3403,851000,396.0,143.16113687419193
3404,851250,276.8666666666667,132.25070468201253
3405,851500,279.06666666666666,105.86477748104471
3406,851750,297.93333333333334,127.40511065974638
3407,852000,222.33333333333334,133.9414465768946
3408,852250,335.4,126.55142125721947
3409,852500,344.6666666666667,147.72241235205684
3410,852750,270.3333333333333,160.83255612938294
3411,853000,281.6666666666667,177.7485114799371
3412,853250,310.1333333333333,106.4674389452266
3413,853500,218.66666666666669,135.39637283833633
3414,853750,360.66666666666663,128.55176216433424
3415,854000,390.66666666666663,149.36011664579152
3416,854250,345.93333333333334,153.04398786696007
3417,854500,342.00000000000006,173.97126199461795
3418,854750,312.00000000000006,169.77593076365878
3419,855000,385.46666666666664,117.94737056086592
3420,855250,423.8666666666666,93.15544953344265
3421,855500,305.73333333333335,216.7479232247041
3422,855750,351.7333333333333,176.39417979816304
3423,856000,244.33333333333331,151.24211641529544
3424,856250,292.46666666666664,82.41105643190252
3425,856500,276.46666666666664,161.12832704952217
3426,856750,290.8666666666667,150.15896761617523
3427,857000,391.93333333333334,152.30851730761626
3428,857250,411.7333333333333,165.9123463358489
3429,857500,412.8666666666667,145.40817644746727
3430,857750,404.2,184.02917643074366
3431,858000,398.2,128.44533640597638
3432,858250,415.4,129.1175863742469
3433,858500,384.1333333333334,112.7235753711017
3434,858750,337.4,95.75278353946456
3435,859000,368.8,98.20219504222455
3436,859250,343.26666666666665,110.35486194797018
3437,859500,369.8666666666667,102.31163722231753
3438,859750,287.93333333333334,148.54380573494888
3439,860000,264.9333333333333,131.70934329466195
3440,860250,296.2666666666667,142.57246110896267
3441,860500,260.26666666666665,153.85857864357848
3442,860750,280.8,166.34857645585333
3443,861000,266.7333333333333,180.13506044077036
3444,861250,337.8666666666667,166.7985611448732
3445,861500,333.06666666666666,107.69553792469254
3446,861750,298.33333333333337,148.13882378063866
3447,862000,268.8,151.25807232820483
3448,862250,287.26666666666665,182.8
3449,862500,236.53333333333336,136.57990742093477
3450,862750,261.4666666666667,169.4207910630937
3451,863000,302.0,136.09196237185435
3452,863250,352.4666666666667,121.46286126494249
3453,863500,312.7333333333333,153.6718581914073
3454,863750,323.2,190.03562239163944
3455,864000,328.73333333333335,191.18000825283895
3456,864250,300.2,169.7418432011781
3457,864500,153.26666666666668,157.29906406446148
3458,864750,121.06666666666665,103.73843175131489
3459,865000,209.53333333333336,124.79184446286722
3460,865250,147.73333333333332,108.23480647801489
3461,865500,211.13333333333335,169.88657654119967
3462,865750,215.0666666666667,127.57941317730956
3463,866000,337.5333333333333,153.38717895139303
3464,866250,242.0,150.16672216055207
3465,866500,311.06666666666666,155.94548905164123
3466,866750,270.06666666666666,140.86848082125715
3467,867000,305.73333333333335,139.5706750479245
3468,867250,289.2,150.4745973393664
3469,867500,401.4,126.85203979439983
3470,867750,401.2,131.32023623358452
3471,868000,359.3333333333333,128.32874450670303
3472,868250,369.73333333333335,134.85504975507754
3473,868500,374.5333333333333,135.7154867114779
3474,868750,327.1333333333333,125.08532199174202
3475,869000,355.8,127.87730230359274
3476,869250,324.1333333333333,104.99007360486779
3477,869500,244.06666666666666,68.01189438456906
3478,869750,260.0,122.52836406318335
3479,870000,269.1333333333333,70.08490089408227
3480,870250,332.9333333333334,142.9378108751417
3481,870500,336.6,186.68302309291843
3482,870750,309.2666666666667,154.43019278769435
3483,871000,265.5333333333333,193.70488435303386
3484,871250,246.66666666666669,128.68169169612972
3485,871500,323.8666666666667,123.10945446137669
3486,871750,242.80000000000004,168.83240868453612
3487,872000,286.1333333333333,140.09831468571554
3488,872250,243.8,145.73119852050291
3489,872500,327.79999999999995,131.07022714729857
3490,872750,365.00000000000006,70.24370276243828
3491,873000,359.00000000000006,173.58392142643217
3492,873250,355.73333333333335,166.34614513116918
3493,873500,271.6,184.13659181282912
3494,873750,340.6666666666667,201.48989497683942
3495,874000,399.53333333333336,147.929052063631
3496,874250,374.6666666666667,178.59314407644857
3497,874500,336.06666666666666,174.30514749841566
3498,874750,370.53333333333336,143.62754301007558
3499,875000,345.06666666666666,148.39008652122882
3500,875250,364.00000000000006,180.1299530894293
3501,875500,298.8666666666667,139.37281737204793
3502,875750,256.1333333333333,114.05682794116272
3503,876000,313.8666666666667,156.27619424880072
3504,876250,372.4,94.19445607654174
3505,876500,388.53333333333336,101.62186991216234
3506,876750,434.6,80.32777297492511
3507,877000,393.6,147.72081776107254
3508,877250,441.8666666666667,71.6716587408626
3509,877500,342.0,146.1547125480393
3510,877750,341.33333333333337,147.32850670827045
3511,878000,471.4,43.77030957167198
3512,878250,412.2,92.00473417771019
3513,878500,329.8,178.8081032217997
3514,878750,291.46666666666664,205.65349498610522
3515,879000,285.93333333333334,196.55651152333323
3516,879250,333.1333333333333,205.40795180972586
3517,879500,352.33333333333337,182.10668423878474
3518,879750,353.1333333333333,106.39916457483217
3519,880000,284.2,115.74542947539848
3520,880250,348.0,142.2300171474987
3521,880500,281.5333333333333,128.3671124375537
3522,880750,390.6666666666667,141.03427479398994
3523,881000,340.1333333333333,197.13972484284113
3524,881250,430.1333333333333,130.60025523201193
3525,881500,363.93333333333334,180.3027577283399
3526,881750,461.0,55.12168357370809
3527,882000,390.5333333333333,80.19160388303337
3528,882250,310.0,185.52172678991298
3529,882500,313.4,172.4316805127307
3530,882750,423.6,93.5992402628236
3531,883000,449.4666666666666,67.74743947600939
3532,883250,374.46666666666664,141.00411341517668
3533,883500,421.8,73.10923334299163
3534,883750,318.2,188.7983756992275
3535,884000,394.2,121.06391333139331
3536,884250,444.7333333333334,68.2506491625619
3537,884500,334.8666666666667,123.62840378417178
3538,884750,433.4666666666667,133.06666666666666
3539,885000,303.3333333333333,180.97378570144105
3540,885250,304.26666666666665,146.2061558211555
3541,885500,351.99999999999994,129.02936788877864
3542,885750,307.06666666666666,56.266982621545765
3543,886000,270.7333333333333,122.59679169265945
3544,886250,293.8666666666667,127.21086606278745
3545,886500,353.1333333333333,138.60921886929293
3546,886750,394.3333333333333,138.16318853684098
3547,887000,398.33333333333337,102.04617691134843
3548,887250,370.0,113.51965077074149
3549,887500,321.2,147.43700726449623
3550,887750,348.1333333333333,123.21699017045769
3551,888000,405.0666666666667,178.4289961487949
3552,888250,469.2,61.6
3553,888500,445.7333333333334,67.50321803028685
3554,888750,388.4,102.89031916452478
3555,889000,382.4666666666667,173.98053530974857
3556,889250,379.33333333333337,176.8786150003568
3557,889500,318.46666666666664,178.64248592587873
3558,889750,356.7333333333333,183.76003676292382
3559,890000,377.8,180.8407033828391
3560,890250,431.4,117.48028676240868
3561,890500,439.4,121.19999999999999
3562,890750,439.33333333333337,121.33333333333333
3563,891000,416.7333333333334,166.53333333333333
3564,891250,375.5333333333334,146.03402951975877
3565,891500,293.2,169.85661927376015
3566,891750,236.7333333333333,212.57734801452597
3567,892000,300.66666666666663,226.82190762309045
3568,892250,302.2,225.18472417106804
3569,892500,281.8666666666667,202.4051602328579
3570,892750,246.13333333333335,174.4421712519972
3571,893000,369.1333333333333,164.66445342642177
3572,893250,366.26666666666665,161.50203301093973
3573,893500,377.2,131.14853326582718
3574,893750,353.73333333333335,182.52566334019383
3575,894000,291.40000000000003,167.72588748709407
3576,894250,393.3333333333333,186.34364908833237
3577,894500,405.6,188.79999999999998
3578,894750,374.2,184.15906168310045
3579,895000,420.66666666666663,73.86504210006547
3580,895250,381.7333333333333,170.42918372939147
3581,895500,405.26666666666665,189.46666666666667
3582,895750,360.2666666666667,171.7547864447063
3583,896000,228.33333333333334,221.25329878268985
3584,896250,259.53333333333336,186.89421844693027
3585,896500,191.86666666666662,198.90953834455615
3586,896750,379.6666666666667,147.3821940096941
3587,897000,383.8666666666667,105.34210933904826
3588,897250,279.80000000000007,152.42303704565865
3589,897500,395.66666666666663,178.1030912452423
3590,897750,344.6666666666667,163.90783318004597
3591,898000,422.8666666666666,138.51235003100305
3592,898250,416.0,168.0
3593,898500,410.2666666666667,146.90335447346175
3594,898750,346.8,195.83174183750475
3595,899000,317.46666666666664,176.56986026940032
3596,899250,253.66666666666666,205.63905811450852
3597,899500,391.26666666666665,188.45340125464557
3598,899750,376.0,187.17799015909964
3599,900000,420.4,73.93672970858258
3600,900250,364.33333333333337,104.17847933021271
3601,900500,404.5333333333333,54.34891392148002
3602,900750,362.4,97.73988154507066
3603,901000,324.46666666666664,172.6377839421152
3604,901250,362.2,169.53866815567474
3605,901500,305.66666666666663,183.04122182964386
3606,901750,262.59999999999997,192.97661343627453
3607,902000,380.8666666666667,146.06872050891357
3608,902250,365.73333333333335,134.81598981986932
3609,902500,350.0,166.8457704321902
3610,902750,370.0666666666667,108.55851468729254
3611,903000,270.8666666666667,71.29238700201057
3612,903250,289.4,123.8160642961073
3613,903500,310.59999999999997,119.42629526197318
3614,903750,291.00000000000006,151.80001463914436
3615,904000,281.4,160.29519990040598
3616,904250,273.4666666666667,146.289302411352
3617,904500,302.6,175.84834375108568
3618,904750,314.0,125.35513994691685
3619,905000,373.2666666666667,140.544401841158
3620,905250,304.53333333333336,202.40834414069442
3621,905500,344.4,160.0213041372235
3622,905750,314.06666666666666,158.20386285493225
3623,906000,267.8,182.3383424052964
3624,906250,257.26666666666665,163.95723019535714
3625,906500,186.33333333333331,174.19363427583176
3626,906750,299.6,173.36094651846412
3627,907000,261.6,198.5137442764774
3628,907250,215.66666666666669,159.14382034988213
3629,907500,267.66666666666663,194.92471481175608
3630,907750,310.46666666666664,164.69441061823835
3631,908000,273.2,131.54713561643555
3632,908250,289.6,172.29359954578825
3633,908500,343.1333333333333,144.3258042685984
3634,908750,272.4,191.20732203553294
3635,909000,290.26666666666665,71.32130739750141
3636,909250,327.8,191.5583578036846
3637,909500,369.53333333333336,160.94852179087158
3638,909750,368.8,161.16721475260132
3639,910000,263.2666666666667,199.09388070288182
3640,910250,355.9333333333333,183.18301716528683
3641,910500,403.4,147.96432002344346
3642,910750,341.73333333333335,140.45361432792598
3643,911000,350.40000000000003,126.55247484300293
3644,911250,395.46666666666664,131.43221320006245
3645,911500,374.8666666666667,117.37207693674183
3646,911750,290.4,183.351683930091
3647,912000,245.26666666666665,141.16820542254627
3648,912250,372.26666666666665,127.10055511724215
3649,912500,332.73333333333335,166.92598492878346
3650,912750,300.66666666666663,128.91426953168872
3651,913000,362.5333333333333,158.99484268365438
3652,913250,385.8666666666667,139.8244295933694
3653,913500,290.66666666666663,138.9760970654866
3654,913750,226.26666666666665,162.651556675271
3655,914000,260.99999999999994,167.03479344801855
3656,914250,314.8666666666667,158.66394955656716
3657,914500,280.6,94.19587157737978
3658,914750,325.4,170.58245318124995
3659,915000,406.93333333333334,78.43168294056228
3660,915250,319.8666666666667,183.4487636613801
3661,915500,266.26666666666665,193.11935284803656
3662,915750,375.8,151.001339214076
3663,916000,305.2,168.09423283120427
3664,916250,347.8666666666667,187.9570400088512
3665,916500,300.53333333333336,177.42110609758043
3666,916750,288.66666666666663,172.73434966895135
3667,917000,292.33333333333337,184.96798521786292
3668,917250,272.8666666666667,176.153165676288
3669,917500,263.6,173.30133037894174
3670,917750,257.6666666666667,179.73659739865013
3671,918000,297.2,171.24921411011886
3672,918250,365.0,185.85920597173669
3673,918500,349.0666666666667,193.44587528987708
3674,918750,384.2666666666666,93.95824131554993
3675,919000,439.8666666666666,86.03916420896812
3676,919250,444.1333333333333,50.02692608319377
3677,919500,389.8,172.12922793968232
3678,919750,353.6,175.58061143278638
3679,920000,376.7333333333333,152.94754365831153
3680,920250,310.99999999999994,182.40004873293694
3681,920500,335.93333333333334,165.32491914072992
3682,920750,250.7333333333333,177.35882022361085
3683,921000,361.6666666666667,93.81210535485872
3684,921250,389.8666666666667,70.66402510786125
3685,921500,326.2,169.8670852951409
3686,921750,363.8666666666667,182.15605031583954
3687,922000,382.46666666666664,168.34298322175474
3688,922250,330.73333333333335,144.69483596713312
3689,922500,333.8666666666667,140.52830478036958
3690,922750,323.53333333333336,172.4002577982089
3691,923000,347.0,94.8723118489033
3692,923250,258.33333333333337,180.97992522192436
3693,923500,409.33333333333337,181.33333333333331
3694,923750,371.8666666666667,130.6766322730358
3695,924000,362.40000000000003,174.26077521283378
3696,924250,359.8666666666667,132.84871930968026
3697,924500,385.06666666666666,138.25361558462845
3698,924750,364.46666666666664,176.605347849064
3699,925000,372.4666666666667,112.14585740602875
3700,925250,338.4666666666667,113.21220978518372
3701,925500,296.1333333333333,133.63858391613968
3702,925750,260.4666666666667,131.67917240188157
3703,926000,253.33333333333334,168.3613838014987
3704,926250,255.6,150.03383322141414
3705,926500,224.93333333333334,100.71685283230629
3706,926750,331.4,121.9454158402211
3707,927000,180.93333333333334,119.8114073589545
3708,927250,207.53333333333336,81.38102426924296
3709,927500,306.19999999999993,94.43365690025752
3710,927750,292.6,125.84300625073378
3711,928000,339.79999999999995,116.62258214714106
3712,928250,411.66666666666663,128.95597870763666
3713,928500,338.66666666666663,111.4994768298638
3714,928750,339.8,137.77350172575922
3715,929000,226.0,60.79181231419609
3716,929250,227.46666666666664,176.4149905447065
3717,929500,328.53333333333336,144.05779704302327
3718,929750,327.73333333333335,143.92087332203684
3719,930000,342.1333333333333,141.01136282032186
3720,930250,387.0,190.870054691085
3721,930500,309.73333333333335,154.23249405434063
3722,930750,326.66666666666663,145.303207886895
3723,931000,282.06666666666666,116.20698009251518
3724,931250,273.6,114.94644163454755
3725,931500,349.4,109.12528986852172
3726,931750,309.8666666666667,132.79200109779035
3727,932000,247.2666666666667,183.69073042601917
3728,932250,228.0666666666667,161.44574596095396
3729,932500,248.4,153.22045120239878
3730,932750,274.6,138.5410328306303
3731,933000,285.7333333333333,159.20558337501163
3732,933250,263.66666666666663,135.88753519812707
3733,933500,243.73333333333335,149.86370103827306
3734,933750,339.53333333333336,141.7722116636402
3735,934000,245.0666666666667,142.51976860928607
3736,934250,287.1333333333333,113.38794762525102
3737,934500,270.93333333333334,126.40172291371488
3738,934750,252.66666666666666,139.43106620198463
3739,935000,226.73333333333335,161.51056380999424
3740,935250,208.5333333333333,166.68127935940763
3741,935500,287.1333333333333,196.75677031976986
3742,935750,205.2,196.90523383371786
3743,936000,232.8,214.3094958232136
3744,936250,235.13333333333335,120.73305724245995
3745,936500,357.4,162.01651493323484
3746,936750,355.26666666666665,172.08685145717683
3747,937000,275.5333333333333,165.16303056878883
3748,937250,257.8666666666667,175.25265570978758
3749,937500,321.4,194.04082044765735
3750,937750,294.8,203.52500255906318
3751,938000,309.3333333333333,209.063732972614
3752,938250,314.0666666666667,165.2905052055656
3753,938500,274.8,208.36107548622843
3754,938750,338.0,170.1262276468074
3755,939000,300.0,164.67786736535058
3756,939250,336.6,200.59914700162057
3757,939500,342.8,137.36740677629626
3758,939750,335.66666666666663,162.179187594737
3759,940000,325.6,174.80444947299128
3760,940250,395.2,136.25769703029624
3761,940500,255.8,177.2429092767575
3762,940750,290.46666666666664,170.86597736887884
3763,941000,279.6666666666667,175.42165076054766
3764,941250,260.2,176.99863150757847
3765,941500,289.5333333333333,205.49340081320804
3766,941750,216.8,196.44287832457667
3767,942000,308.46666666666664,82.95771345825668
3768,942250,308.4666666666667,137.55606533741474
3769,942500,356.3333333333333,139.57427333781027
3770,942750,349.1333333333333,81.83196875983806
3771,943000,353.0,103.48247301945496
3772,943250,445.9333333333334,106.47449355492506
3773,943500,449.7333333333333,74.19955076234177
3774,943750,458.5333333333334,61.08413141816056
3775,944000,435.1333333333333,84.64346138689956
3776,944250,370.8666666666667,127.25435596124446
3777,944500,448.5333333333334,93.1182283145703
3778,944750,437.0666666666666,121.54951437354427
3779,945000,409.0,113.02703708012129
3780,945250,414.6,107.12119823410822
3781,945500,373.06666666666666,128.81052406970136
3782,945750,438.2,91.33712887490557
3783,946000,417.0666666666666,125.75662562620265
3784,946250,402.8666666666667,182.18398514810363
3785,946500,385.1333333333333,181.972598669873
3786,946750,305.8,167.732008473835
3787,947000,436.4666666666666,127.06666666666668
3788,947250,380.4,118.07067563304805
3789,947500,295.8,189.4238750644819
3790,947750,300.1333333333333,168.26930795602624
3791,948000,311.06666666666666,167.27879589342922
3792,948250,298.8666666666667,161.73498212954564
3793,948500,355.6,114.9901251798992
3794,948750,397.4,118.8572252746967
3795,949000,406.8,105.40179209945995
3796,949250,342.2666666666667,200.86639008720863
3797,949500,310.4,154.82081398973602
3798,949750,222.26666666666665,145.0889995064332
3799,950000,222.8666666666667,156.18814864700133
3800,950250,288.1333333333333,178.25607049036694
3801,950500,371.66666666666663,114.02066089578287
3802,950750,355.8666666666667,129.3516481877556
3803,951000,297.4666666666667,170.63002210761286
3804,951250,307.8666666666667,158.30387094305547
3805,951500,270.5333333333333,171.4848357403327
3806,951750,313.33333333333337,184.47992965210184
3807,952000,336.1333333333334,99.62565488422705
3808,952250,338.93333333333334,169.85973298250792
3809,952500,291.46666666666664,126.62255372211979
3810,952750,362.7333333333333,73.58182142652113
3811,953000,249.33333333333334,57.50710101080272
3812,953250,287.7333333333333,163.58475886626277
3813,953500,259.66666666666663,137.57955274434255
3814,953750,303.99999999999994,166.86960977561694
3815,954000,277.1333333333333,147.70821086031594
3816,954250,348.53333333333336,139.05148526914613
3817,954500,411.9333333333334,80.92586456477038
3818,954750,336.66666666666663,165.72118485912148
3819,955000,345.66666666666663,174.17717671637948
3820,955250,324.7333333333333,183.92273740169628
3821,955500,311.2,193.8520168696845
3822,955750,281.0,126.03879473312087
3823,956000,341.9333333333333,149.79176657391196
3824,956250,353.0666666666667,144.8127373157793
3825,956500,361.7333333333333,172.50538155856665
3826,956750,396.0666666666667,136.26484017040738
3827,957000,393.33333333333337,133.61453680062075
3828,957250,401.53333333333336,126.45765211238812
3829,957500,268.4,190.80244582639222
3830,957750,367.9333333333333,165.5576972270124
3831,958000,365.9333333333333,168.74153805944366
3832,958250,435.66666666666663,79.50793112080777
3833,958500,456.33333333333337,80.51611294917585
3834,958750,330.93333333333334,99.30388825329159
3835,959000,329.2,140.59944681414805
3836,959250,314.20000000000005,146.70493440160004
3837,959500,278.6,132.26999323773745
3838,959750,261.7333333333333,36.261641808758
3839,960000,303.1333333333333,71.71474356395932
3840,960250,249.2,156.55579055261916
3841,960500,264.8,192.6518564088542
3842,960750,257.8666666666667,153.14054546940423
3843,961000,296.26666666666665,113.14246673012649
3844,961250,257.46666666666664,100.30034895253355
3845,961500,159.66666666666666,137.15149774367518
3846,961750,187.66666666666669,146.75194490477233
3847,962000,203.6,158.22479086554182
3848,962250,306.33333333333337,168.95745684112975
3849,962500,299.8666666666667,138.45730990694088
3850,962750,216.93333333333334,165.06125462317854
3851,963000,237.8666666666667,162.77777626090256
3852,963250,266.0666666666667,193.1799851606441
3853,963500,274.5333333333333,150.63754880875854
3854,963750,164.4,59.25815461933394
3855,964000,191.33333333333331,163.38257761054777
3856,964250,186.86666666666667,163.96837093374646
3857,964500,203.8,179.53973252613346
3858,964750,238.33333333333331,211.47639742218672
3859,965000,217.93333333333334,119.54049058327011
3860,965250,165.73333333333332,169.44240581651596
3861,965500,138.0,159.82587747643092
3862,965750,219.8666666666667,155.31725238649085
3863,966000,228.86666666666665,175.25062688111052
3864,966250,267.46666666666664,162.70103462076284
3865,966500,319.46666666666664,154.379992946697
3866,966750,264.46666666666664,151.1726900674266
3867,967000,290.4666666666667,131.63309276588132
3868,967250,177.86666666666667,172.43699010234306
3869,967500,210.8,149.70112446694134
3870,967750,177.73333333333332,110.43336854813806
3871,968000,182.33333333333334,170.89151854644837
3872,968250,146.00000000000003,127.88519156736727
3873,968500,254.4666666666667,180.18010742340874
3874,968750,248.73333333333335,172.6932283302131
3875,969000,220.2666666666667,191.5364079112782
3876,969250,160.06666666666666,176.2544120803158
3877,969500,237.66666666666666,156.35756741804627
3878,969750,190.66666666666666,169.97764558905976
3879,970000,215.46666666666664,182.1761784646939
3880,970250,251.8666666666667,207.91607281144317
3881,970500,347.3333333333333,191.53462118142272
3882,970750,318.46666666666664,168.59308012687433
3883,971000,338.93333333333334,137.70812934931942
3884,971250,359.6666666666667,166.80367701782436
3885,971500,213.6,153.72824507335446
3886,971750,189.66666666666669,190.4172027709448
3887,972000,316.66666666666663,165.7859396263078
3888,972250,417.4,130.82819947464606
3889,972500,305.8666666666667,126.96764242208415
3890,972750,213.8666666666667,145.78135835711112
3891,973000,259.0666666666667,160.9501510130112
3892,973250,289.0666666666667,158.2736589300668
3893,973500,265.53333333333336,132.22818660684013
3894,973750,298.0,116.66152369616603
3895,974000,263.4666666666667,144.86508666111837
3896,974250,257.9333333333333,196.9175123412508
3897,974500,240.93333333333334,218.37108070641793
3898,974750,265.06666666666666,199.86633311068454
3899,975000,337.46666666666664,199.2778741132871
3900,975250,307.0,188.44109011689687
3901,975500,348.46666666666664,190.9200647158677
3902,975750,372.99999999999994,177.65221955019618
3903,976000,393.2,181.81328639874235
3904,976250,466.66666666666663,66.66666666666667
3905,976500,289.4,172.49005124289857
3906,976750,264.4,200.35073690350575
3907,977000,258.0,203.185410674859
3908,977250,289.2,200.83410511608275
3909,977500,234.2,153.0993286871123
3910,977750,365.3333333333333,79.82091065490155
3911,978000,429.6,95.99662031087922
3912,978250,320.33333333333337,159.52122812410335
3913,978500,461.0666666666667,72.17491099944479
3914,978750,329.93333333333334,175.41625415628454
3915,979000,342.53333333333336,170.55029886940815
3916,979250,252.46666666666664,134.6010731342395
3917,979500,389.46666666666664,177.0154544414445
3918,979750,223.8,158.6481221655859
3919,980000,289.8,171.874838181742
3920,980250,369.4,147.24090615194015
3921,980500,273.4,195.65211757379754
3922,980750,288.1333333333333,181.50109886413605
3923,981000,324.66666666666663,161.92769305396092
3924,981250,314.00000000000006,175.9528977374974
3925,981500,309.93333333333334,182.8858052932971
3926,981750,220.33333333333334,149.66005924538896
3927,982000,236.2666666666667,170.87167374637872
3928,982250,287.06666666666666,179.959180556777
3929,982500,270.53333333333336,167.63009541513983
3930,982750,268.53333333333336,198.14580490134028
3931,983000,180.66666666666666,104.5087981410603
3932,983250,303.1333333333333,187.16179572171714
3933,983500,283.6666666666667,190.42175412605684
3934,983750,286.66666666666663,177.26903596260433
3935,984000,218.86666666666665,198.9161297297599
3936,984250,314.93333333333334,212.11332400917726
3937,984500,261.6,199.77291552604865
3938,984750,206.4,157.84090442946376
3939,985000,260.8,148.8827428250538
3940,985250,351.5333333333333,182.7250028503671
3941,985500,345.2666666666667,190.4880748673435
3942,985750,357.4,175.55479043433832
3943,986000,333.7333333333333,153.64756208066999
3944,986250,365.3333333333333,167.36984993321428
3945,986500,377.6666666666667,171.36238404815293
3946,986750,389.4666666666667,119.93787280643814
3947,987000,261.4666666666667,146.656908766307
3948,987250,210.4,181.77976907358106
3949,987500,288.2666666666667,141.8630638640266
3950,987750,312.53333333333336,136.71521089070114
3951,988000,312.6,158.1046629433947
3952,988250,318.93333333333334,155.05459970245607
3953,988500,301.46666666666664,167.72048175461455
3954,988750,281.93333333333334,184.61074965691702
3955,989000,210.66666666666666,111.42491243483708
3956,989250,240.33333333333331,113.46560908241952
3957,989500,343.1333333333333,109.06259161091344
3958,989750,285.5333333333333,149.34205331683668
3959,990000,283.06666666666666,76.34494817020384
3960,990250,324.26666666666665,117.07668901669157
3961,990500,301.8,139.92245471450727
3962,990750,301.6666666666667,177.9058427620883
3963,991000,312.66666666666663,173.60376340006766
3964,991250,292.7333333333333,142.7400745722409
3965,991500,330.8666666666667,119.44996162968548
3966,991750,367.00000000000006,121.91855204739488
3967,992000,364.0666666666667,167.03803957981148
3968,992250,323.33333333333337,133.33599997333386
3969,992500,285.73333333333335,172.99574818153448
3970,992750,181.8,78.78087754440584
3971,993000,306.0,111.37065242792744
3972,993250,311.0666666666667,26.897666152371748
3973,993500,375.6666666666667,62.28679189398378
3974,993750,399.73333333333335,93.98898280590596
3975,994000,316.93333333333334,159.62976609085857
3976,994250,323.73333333333335,159.8729217569727
3977,994500,371.26666666666665,82.86572807191698
3978,994750,316.1333333333333,105.99488457258471
3979,995000,353.19999999999993,107.44478685456184
3980,995250,358.46666666666664,80.49833676680669
3981,995500,344.4666666666667,97.59453536614298
3982,995750,337.8666666666667,163.7356405917783
3983,996000,409.4,56.10244597559401
3984,996250,384.3333333333333,113.87010143141175
3985,996500,335.8666666666667,159.59373421284434
3986,996750,370.6,160.36464004816577
3987,997000,327.66666666666663,138.51482070722813
3988,997250,394.6666666666667,175.015046972158
3989,997500,395.1333333333333,163.82302103862636
3990,997750,406.26666666666665,163.61667939968032
3991,998000,404.19999999999993,146.8918876816098
3992,998250,339.8,149.18096393307022
3993,998500,351.5333333333333,147.29571163705572
3994,998750,401.6,174.7787680977806
3995,999000,275.53333333333336,162.7736806462
3996,999250,349.19999999999993,132.24936042693489
3997,999500,262.93333333333334,152.2894028559513
3998,999750,273.66666666666663,162.34804861435475
3999,1000000,280.4,125.45373649278046
